Date,Day Name,Month,Year,Subways _Total _Ridership,Subways_%Prepandemic,Buses_Total_Ridership,Buses_%Prepandemic,AAR_Total_Ridership,AAR_%Prepandemic,Bridges&Tunnels_Total_Ridership,Bridges&Tunnels_%Prepandemic,LIRR_Total_Ridership,LIRR_%Prepandemic,MNR_Total_ Ridership,MNR_%Prepandemic,SIR_Total_ _Ridership,SIR_ %Prepandemic
3/1/2020,Sunday,3,2020,2212965,97,984908,99,19922,113,786960,98,86790,100,55825,59,1636,52
3/2/2020,Monday,3,2020,5329915,96,2209066,99,30338,102,874619,95,321569,103,180701,66,17140,107
3/3/2020,Tuesday,3,2020,5481103,98,2228608,99,32767,110,882175,96,319727,102,190648,69,17453,109
3/4/2020,Wednesday,3,2020,5498809,99,2177165,97,34297,115,905558,98,311662,99,192689,70,17136,107
3/5/2020,Thursday,3,2020,5496453,99,2244515,100,33209,112,929298,101,307597,98,194386,70,17203,108
3/6/2020,Friday,3,2020,5189447,93,2066743,92,30970,104,945408,103,289171,92,205056,74,15285,96
3/7/2020,Saturday,3,2020,2814637,92,1249085,94,18117,107,827907,95,106058,98,75838,56,2445,48
3/8/2020,Sunday,3,2020,2120656,93,957163,96,19477,111,765083,95,81565,94,60800,64,1672,53
3/9/2020,Monday,3,2020,4973513,89,2124770,95,29609,100,860073,93,277001,88,183953,67,16122,101
3/10/2020,Tuesday,3,2020,4867818,87,2111989,94,31315,105,855585,93,259324,83,179050,65,15805,99
3/11/2020,Wednesday,3,2020,4697122,84,2112967,94,32198,108,866706,94,245798,78,175074,63,15340,96
3/12/2020,Thursday,3,2020,4149505,75,1938424,86,30814,104,881188,96,197178,63,169547,61,14169,89
3/13/2020,Friday,3,2020,3484996,63,1715737,77,26640,90,860419,93,158582,51,167176,61,11769,74
3/14/2020,Saturday,3,2020,1670665,54,993287,75,13394,79,631101,72,44885,42,39701,29,2135,42
3/15/2020,Sunday,3,2020,1157711,51,711555,72,12480,71,535987,66,33407,38,32641,35,1368,43
3/16/2020,Monday,3,2020,2178555,39,1237309,55,21145,71,708869,77,119333,38,153262,56,5741,36
3/17/2020,Tuesday,3,2020,1788786,32,1094949,49,18173,61,650444,71,83578,27,147391,53,4573,29
3/18/2020,Wednesday,3,2020,1625280,29,1059502,47,15942,54,634853,69,74883,24,146118,53,4133,26
3/19/2020,Thursday,3,2020,1422112,26,933602,42,14116,47,569696,62,59538,19,144466,52,3452,22
3/20/2020,Friday,3,2020,1309125,24,868602,39,12744,43,563261,61,50021,16,145160,53,3124,20
3/21/2020,Saturday,3,2020,619618,20,411491,31,6467,38,382992,44,12438,12,23700,17,1044,21
3/22/2020,Sunday,3,2020,408723,18,73517,7,4824,27,277050,34,8891,10,20830,22,641,20
3/23/2020,Monday,3,2020,709499,13,59321,3,9902,33,361513,39,30564,10,139285,51,1639,10
3/24/2020,Tuesday,3,2020,741587,13,60334,3,9133,31,395493,43,29785,10,139194,50,1727,11
3/25/2020,Wednesday,3,2020,690032,12,51769,2,9512,32,375767,41,26143,8,138239,50,1572,10
3/26/2020,Thursday,3,2020,680360,12,49970,2,8795,30,390117,42,23809,8,138668,50,1563,10
3/27/2020,Friday,3,2020,656817,12,45514,2,8409,28,396777,43,20355,6,138903,50,1495,9
3/28/2020,Saturday,3,2020,332393,11,19745,1,4491,27,240702,28,5279,5,19088,14,600,12
3/29/2020,Sunday,3,2020,263700,12,14307,1,3374,19,197154,24,4358,5,18152,19,419,13
3/30/2020,Monday,3,2020,545215,10,33659,2,8084,27,344689,37,19741,6,137762,50,1140,7
3/31/2020,Tuesday,3,2020,508106,9,32211,1,7672,26,337626,37,16194,5,137464,50,1043,7
4/1/2020,Wednesday,4,2020,513481,9,29373,1,8151,28,342221,36,10548,3,9300,3,720,4
4/2/2020,Thursday,4,2020,485586,9,26788,1,7077,24,339734,36,10057,3,9492,3,882,5
4/3/2020,Friday,4,2020,483357,9,24418,1,7794,27,340272,36,9657,3,9770,3,843,5
4/4/2020,Saturday,4,2020,282278,9,13168,1,4375,26,243323,27,3727,3,4451,3,425,8
4/5/2020,Sunday,4,2020,227303,9,9748,1,2763,15,209151,24,2969,3,3601,3,300,9
4/6/2020,Monday,4,2020,445454,8,22418,1,7093,25,335768,36,10127,3,9832,3,819,5
4/7/2020,Tuesday,4,2020,434986,8,21623,1,7041,24,335469,36,9312,3,9589,3,732,5
4/8/2020,Wednesday,4,2020,427485,8,20361,1,6950,24,324881,35,9039,3,9292,3,721,4
4/9/2020,Thursday,4,2020,404635,7,18734,1,6243,22,303480,32,8413,3,8931,3,690,4
4/10/2020,Friday,4,2020,400275,7,17135,1,5378,19,314099,33,8247,3,9573,3,672,4
4/11/2020,Saturday,4,2020,257061,8,9718,1,4235,25,254754,28,2749,2,4179,3,406,8
4/12/2020,Sunday,4,2020,198399,8,7041,1,2525,14,217871,25,2245,2,3281,3,294,9
4/13/2020,Monday,4,2020,363312,7,14408,1,6205,21,284608,30,8192,3,8824,3,649,4
4/14/2020,Tuesday,4,2020,430155,8,17937,1,6585,23,356104,38,8816,3,9592,3,791,5
4/15/2020,Wednesday,4,2020,419059,8,16895,1,6928,24,340212,36,8596,3,9492,3,792,5
4/16/2020,Thursday,4,2020,420223,8,16632,1,6563,23,346341,37,8462,3,9528,3,790,5
4/17/2020,Friday,4,2020,432368,8,16350,1,7048,24,378350,40,8271,3,9989,3,738,5
4/18/2020,Saturday,4,2020,254453,8,8115,1,4202,25,254734,28,2449,2,3965,3,339,7
4/19/2020,Sunday,4,2020,224411,9,6929,1,2742,15,276406,32,2159,2,3884,4,340,10
4/20/2020,Monday,4,2020,437852,8,16522,1,7050,24,371776,40,8912,3,10063,4,770,5
4/21/2020,Tuesday,4,2020,422107,8,15231,1,6613,23,356098,38,8264,3,9374,3,753,5
4/22/2020,Wednesday,4,2020,458781,8,16487,1,7496,26,398703,42,8674,3,9694,3,793,5
4/23/2020,Thursday,4,2020,453520,8,15786,1,6969,24,386937,41,8425,3,9527,3,780,5
4/24/2020,Friday,4,2020,443956,8,14237,1,7040,24,386935,41,7821,3,9722,3,688,4
4/25/2020,Saturday,4,2020,295387,9,8832,1,4719,28,350299,38,2869,3,4987,3,449,9
4/26/2020,Sunday,4,2020,218787,9,5498,1,2506,13,231540,27,1903,2,3495,3,309,9
4/27/2020,Monday,4,2020,462888,8,15283,1,6922,24,384123,41,8828,3,10243,4,812,5
4/28/2020,Tuesday,4,2020,489247,9,16380,1,7542,26,436346,46,9167,3,10531,4,826,5
4/29/2020,Wednesday,4,2020,477799,9,15406,1,7844,27,410502,44,9100,3,10165,4,790,5
4/30/2020,Thursday,4,2020,465869,8,14062,1,7253,25,405168,43,9335,3,9971,3,764,5
5/1/2020,Friday,5,2020,494549,9,14893,1,8332,28,445621,46,6200,2,9206,3,763,4
5/2/2020,Saturday,5,2020,325865,10,8912,1,5493,32,401938,42,3959,3,5908,4,489,10
5/3/2020,Sunday,5,2020,258865,11,6404,1,3263,19,353314,41,3314,3,4839,5,334,9
5/4/2020,Monday,5,2020,511866,9,16315,1,8287,28,447424,46,11158,3,10764,4,897,5
5/5/2020,Tuesday,5,2020,522085,9,16377,1,8445,29,462085,48,13265,4,10604,4,894,5
5/6/2020,Wednesday,5,2020,508824,9,15677,1,8832,30,444179,46,14489,5,10107,4,822,5
5/7/2020,Thursday,5,2020,535073,9,16130,1,8509,29,488836,51,16139,5,11247,4,930,5
5/8/2020,Friday,5,2020,526054,9,14571,1,8656,29,483830,50,15714,5,11242,4,811,5
5/9/2020,Saturday,5,2020,316883,10,7594,1,5055,29,371426,39,7651,6,6017,4,489,10
5/10/2020,Sunday,5,2020,271947,11,6367,1,3962,23,415867,49,7990,8,5878,6,406,12
5/11/2020,Monday,5,2020,520873,9,15176,1,7636,26,458041,48,18349,6,11434,4,829,5
5/12/2020,Tuesday,5,2020,553372,10,15989,1,8271,28,488406,51,19018,6,11488,4,914,5
5/13/2020,Wednesday,5,2020,565377,10,16170,1,9437,32,509243,53,19356,6,11931,4,956,5
5/14/2020,Thursday,5,2020,567392,10,15905,1,8855,30,520395,54,19310,6,12131,4,923,5
5/15/2020,Friday,5,2020,587808,10,15481,1,9473,32,562990,58,20092,6,12936,5,976,6
5/16/2020,Saturday,5,2020,360844,11,8742,1,5947,34,477097,50,11075,9,8100,5,485,10
5/17/2020,Sunday,5,2020,287418,12,6504,1,3577,21,391606,46,8793,9,6168,6,337,10
5/18/2020,Monday,5,2020,595469,10,17206,1,8969,31,505314,53,22113,7,13141,5,1036,6
5/19/2020,Tuesday,5,2020,610884,11,17296,1,9290,32,524482,54,21599,7,12777,4,1067,6
5/20/2020,Wednesday,5,2020,623749,11,17674,1,10224,35,542409,56,22224,7,12753,4,1044,6
5/21/2020,Thursday,5,2020,629298,11,17565,1,9731,33,585552,61,22585,7,13294,5,1069,6
5/22/2020,Friday,5,2020,633883,11,16453,1,9782,33,626983,65,22830,7,14711,5,1046,6
5/23/2020,Saturday,5,2020,335830,10,7186,1,5550,32,394091,41,10983,9,7613,5,420,9
5/24/2020,Sunday,5,2020,320015,13,6642,1,4117,24,461170,54,11871,12,8977,9,361,10
5/25/2020,Monday,5,2020,393918,16,7996,1,5428,32,445015,52,19321,20,12982,12,441,13
5/26/2020,Tuesday,5,2020,656766,11,17819,1,9875,34,587269,61,26691,8,14937,5,1173,7
5/27/2020,Wednesday,5,2020,674465,12,17911,1,11088,38,601140,62,26483,8,14432,5,1240,7
5/28/2020,Thursday,5,2020,658057,12,17535,1,10030,34,584628,61,25175,8,14161,5,1191,7
5/29/2020,Friday,5,2020,657259,11,16378,1,10185,35,598607,62,25070,8,15697,5,1094,6
5/30/2020,Saturday,5,2020,426737,13,9112,1,6143,35,537179,56,15557,13,11003,7,18,0
5/31/2020,Sunday,5,2020,344426,14,6724,1,4216,25,495487,58,13554,14,9390,9,2,0
6/1/2020,Monday,6,2020,687162,12,17833,1,10760,37,595059,61,34339,10,16184,5,1358,8
6/2/2020,Tuesday,6,2020,693760,12,16576,1,11206,38,579411,59,33769,10,16294,6,1516,9
6/3/2020,Wednesday,6,2020,681714,12,17830,1,11962,41,582624,59,32523,10,15649,5,1323,8
6/4/2020,Thursday,6,2020,726672,13,18538,1,12000,41,650868,66,29771,9,17149,6,1346,8
6/5/2020,Friday,6,2020,703576,13,16863,1,11698,40,643562,65,33482,10,18065,6,1249,8
6/6/2020,Saturday,6,2020,464198,14,8912,1,6591,38,551793,56,18090,15,12179,8,9,0
6/7/2020,Sunday,6,2020,377990,14,7579,1,4650,26,538418,58,16797,17,11231,10,95,2
6/8/2020,Monday,6,2020,804542,14,25663,1,11957,41,644829,66,42630,13,20140,7,1596,10
6/9/2020,Tuesday,6,2020,842306,15,26247,1,12869,44,680462,69,42274,13,19543,7,1662,10
6/10/2020,Wednesday,6,2020,857015,15,26735,1,13616,46,680270,69,43083,13,20517,7,1767,11
6/11/2020,Thursday,6,2020,818297,15,24284,1,12514,43,656695,67,40961,12,19525,7,1576,10
6/12/2020,Friday,6,2020,896658,16,24459,1,13224,45,765491,78,45072,14,24165,8,1656,10
6/13/2020,Saturday,6,2020,545316,17,12115,1,7794,45,631064,64,25355,21,16675,11,17,0
6/14/2020,Sunday,6,2020,430439,16,8731,1,5195,29,563725,61,20859,21,13794,13,7,0
6/15/2020,Monday,6,2020,897112,16,27057,1,12953,44,674785,69,47545,14,22841,8,1813,11
6/16/2020,Tuesday,6,2020,932671,17,28049,1,12939,44,695359,71,46876,14,22555,8,1874,12
6/17/2020,Wednesday,6,2020,948461,17,27924,1,14595,50,709679,72,47166,14,24167,8,1857,11
6/18/2020,Thursday,6,2020,942382,17,27516,1,13808,47,729486,74,47851,14,24081,8,1936,12
6/19/2020,Friday,6,2020,986929,38,25578,2,13868,77,797518,86,50201,51,27772,25,1751,45
6/20/2020,Saturday,6,2020,576075,18,11899,1,8185,47,666226,68,28959,24,18559,12,22,0
6/21/2020,Sunday,6,2020,449497,17,9072,1,6328,35,654913,71,27094,28,16719,15,0,0
6/22/2020,Monday,6,2020,1000046,18,30863,1,13314,45,733290,75,53878,16,25367,9,2027,13
6/23/2020,Tuesday,6,2020,1050786,19,32305,2,15069,51,744822,76,52898,16,24909,8,2219,14
6/24/2020,Wednesday,6,2020,1068333,19,32504,2,15155,52,752749,77,52354,16,25277,9,2194,14
6/25/2020,Thursday,6,2020,1078796,19,32393,2,14854,51,781617,79,53444,16,25644,9,2210,14
6/26/2020,Friday,6,2020,1102382,20,30480,1,15048,51,830887,85,55647,17,29700,10,2115,13
6/27/2020,Saturday,6,2020,615398,19,12942,1,8541,49,630730,64,26773,22,17932,11,686,14
6/28/2020,Sunday,6,2020,535898,20,10167,1,5748,32,623131,67,25680,26,15918,15,590,15
6/29/2020,Monday,6,2020,1100769,20,33264,2,14705,50,767165,78,63309,19,28163,10,2317,14
6/30/2020,Tuesday,6,2020,1113124,20,33996,2,15291,52,758785,77,57955,17,27077,9,2386,15
7/1/2020,Wednesday,7,2020,1120537,21,32921,2,16451,58,779409,81,56505,18,27770,10,2305,17
7/2/2020,Thursday,7,2020,1170483,22,32730,2,15981,56,881471,92,64261,20,31948,11,2365,17
7/3/2020,Friday,7,2020,851877,36,16862,2,10915,66,713240,81,56181,54,32049,30,1138,32
7/4/2020,Saturday,7,2020,591605,21,10769,1,8391,53,569212,62,38388,30,22085,14,690,14
7/5/2020,Sunday,7,2020,533692,23,9832,1,6280,38,659099,75,34569,33,19136,18,528,15
7/6/2020,Monday,7,2020,1084956,21,31548,2,14886,53,750583,78,63862,20,30556,11,2222,16
7/7/2020,Tuesday,7,2020,1157185,22,33595,2,16003,56,749832,78,61756,20,30507,11,2403,17
7/8/2020,Wednesday,7,2020,1172279,22,34242,2,16980,60,758208,79,63048,20,30174,11,2454,18
7/9/2020,Thursday,7,2020,1211280,23,34762,2,17017,60,818034,85,65483,21,31913,11,2571,19
7/10/2020,Friday,7,2020,1030632,20,25544,1,15738,56,712635,74,55929,18,29683,10,2117,15
7/11/2020,Saturday,7,2020,692977,25,12872,1,8453,53,625288,68,30059,24,18683,12,812,16
7/12/2020,Sunday,7,2020,628187,27,10966,1,7395,45,703589,80,34905,33,19859,19,731,20
7/13/2020,Monday,7,2020,1175700,22,33302,2,15928,56,756122,79,66384,21,31876,11,2504,18
7/14/2020,Tuesday,7,2020,1241080,24,35391,2,17081,60,794837,83,66321,21,31921,11,2669,19
7/15/2020,Wednesday,7,2020,1248413,24,34701,2,18149,64,803399,84,66549,21,32603,12,2751,20
7/16/2020,Thursday,7,2020,1249128,24,34199,2,17230,61,819850,85,66732,21,33258,12,2756,20
7/17/2020,Friday,7,2020,1207265,23,29696,1,16401,58,819471,85,64806,20,35414,13,2427,18
7/18/2020,Saturday,7,2020,778936,28,14335,1,9785,62,747444,81,41235,32,24071,16,786,15
7/19/2020,Sunday,7,2020,584994,25,9845,1,7052,43,696110,79,36429,35,18675,18,504,14
7/20/2020,Monday,7,2020,1156735,22,30196,1,15957,56,770606,80,67721,21,32279,11,2428,18
7/21/2020,Tuesday,7,2020,1241819,24,32482,2,16831,59,792954,82,67594,21,33213,12,2725,20
7/22/2020,Wednesday,7,2020,1233668,23,33863,2,17582,62,784013,82,65348,21,32485,11,2716,20
7/23/2020,Thursday,7,2020,1233795,23,33999,2,17056,60,791577,82,65637,21,32975,12,2632,19
7/24/2020,Friday,7,2020,1218138,23,29987,1,17311,61,826030,86,65889,21,36639,13,2511,18
7/25/2020,Saturday,7,2020,816604,29,14777,1,10350,65,769898,83,43340,34,25173,16,799,16
7/26/2020,Sunday,7,2020,606910,26,9711,1,7429,45,697533,79,36164,35,20170,19,542,15
7/27/2020,Monday,7,2020,1203503,23,32072,2,16607,59,793224,83,70114,22,31568,11,2626,19
7/28/2020,Tuesday,7,2020,1241770,24,33753,2,16892,60,782225,81,66687,21,31677,11,2635,19
7/29/2020,Wednesday,7,2020,1296102,25,35257,2,18216,64,816959,85,69995,22,33733,12,2778,20
7/30/2020,Thursday,7,2020,1270172,24,33982,2,17333,61,820274,85,68958,22,34122,12,2746,20
7/31/2020,Friday,7,2020,1258539,24,29917,1,17654,62,859774,89,67648,21,38040,13,2429,18
8/1/2020,Saturday,8,2020,842468,29,16087,1,10685,64,799744,83,44405,33,26261,17,904,19
8/2/2020,Sunday,8,2020,590060,25,9874,1,7431,41,648735,70,30502,29,17885,17,615,17
8/3/2020,Monday,8,2020,1272996,25,36945,2,17594,63,818732,84,70779,23,32884,12,2955,22
8/4/2020,Tuesday,8,2020,1027187,20,29426,1,14924,53,577415,59,36835,12,22286,8,1499,11
8/5/2020,Wednesday,8,2020,1348202,26,38283,2,18299,66,847329,87,58005,19,26598,10,2824,21
8/6/2020,Thursday,8,2020,1334694,26,37059,2,19117,68,847497,87,66671,21,28283,10,3125,23
8/7/2020,Friday,8,2020,1283894,25,32170,2,17502,63,844096,87,65969,21,32882,12,2741,20
8/8/2020,Saturday,8,2020,833287,28,15143,1,10613,64,730738,76,41729,31,23513,15,806,17
8/9/2020,Sunday,8,2020,662993,28,11534,1,8287,46,744618,81,37616,36,20503,20,649,18
8/10/2020,Monday,8,2020,1275268,25,34883,2,18178,65,826000,85,73548,24,33500,12,2995,22
8/11/2020,Tuesday,8,2020,1319814,26,36426,2,18546,66,821975,85,72436,23,33509,12,3164,24
8/12/2020,Wednesday,8,2020,1298963,25,36053,2,19346,69,800864,82,68345,22,33736,12,3124,23
8/13/2020,Thursday,8,2020,1291277,25,34723,2,18608,67,819018,84,69223,22,33822,12,2971,22
8/14/2020,Friday,8,2020,1355786,26,32713,2,18113,65,893657,92,72916,23,39342,14,3012,23
8/15/2020,Saturday,8,2020,860789,29,15522,1,11487,69,804345,84,46806,35,27677,18,974,21
8/16/2020,Sunday,8,2020,554451,23,8603,1,7902,44,620685,67,29858,29,18164,17,529,15
8/17/2020,Monday,8,2020,1304485,25,34768,2,17377,62,806108,83,74453,24,35362,13,3058,23
8/18/2020,Tuesday,8,2020,1369617,27,36646,2,19274,69,838007,86,74213,24,34361,13,2951,22
8/19/2020,Wednesday,8,2020,1292148,25,34181,2,19915,71,816805,84,70104,22,34377,13,2783,21
8/20/2020,Thursday,8,2020,1410489,27,35059,2,19344,69,889781,92,75643,24,37078,14,2960,22
8/21/2020,Friday,8,2020,1387463,27,31342,2,19035,68,909773,94,76062,24,41110,15,2769,21
8/22/2020,Saturday,8,2020,882522,30,13705,1,11456,69,812307,85,49095,37,27784,18,871,18
8/23/2020,Sunday,8,2020,671560,28,9698,1,8297,46,737096,80,37891,36,22496,22,633,18
8/24/2020,Monday,8,2020,1307345,25,34021,2,17643,63,815664,84,75145,24,35904,13,2756,21
8/25/2020,Tuesday,8,2020,1346490,26,34993,2,18682,67,821596,85,73331,23,35689,13,2845,21
8/26/2020,Wednesday,8,2020,1407639,27,35975,2,20659,74,859624,88,76583,24,36621,13,3012,23
8/27/2020,Thursday,8,2020,1358272,26,33969,2,19271,69,847284,87,73060,23,35551,13,2856,21
8/28/2020,Friday,8,2020,1388583,27,31956,2,18845,67,899891,93,76114,24,41222,15,2716,20
8/29/2020,Saturday,8,2020,773667,26,14035,1,9814,59,645955,67,37641,28,22234,15,798,17
8/30/2020,Sunday,8,2020,748061,31,16027,1,9752,54,805095,87,45147,43,26520,26,825,23
8/31/2020,Monday,8,2020,1397264,27,787291,39,18185,65,817543,84,78122,25,37727,14,3184,24
9/1/2020,Tuesday,9,2020,1469274,25,947758,41,18929,64,809684,85,76483,23,36035,12,3217,19
9/2/2020,Wednesday,9,2020,1487969,26,972213,42,19990,67,810144,85,77585,24,36159,13,3192,19
9/3/2020,Thursday,9,2020,1529185,26,1022623,44,19992,67,869126,91,82554,25,39920,14,3327,19
9/4/2020,Friday,9,2020,1568385,27,1030811,44,20223,68,936602,98,88345,27,47152,16,3148,18
9/5/2020,Saturday,9,2020,1013725,31,715922,51,12118,71,798822,84,50550,43,34621,23,21,1
9/6/2020,Sunday,9,2020,819409,32,559273,51,10160,59,753035,85,44727,45,28565,27,191,7
9/7/2020,Monday,9,2020,870964,34,615802,56,9261,54,697865,79,80050,81,27326,26,1210,41
9/8/2020,Tuesday,9,2020,1555816,27,1039401,45,19806,67,833995,88,90603,28,42963,15,3496,20
9/9/2020,Wednesday,9,2020,1610076,28,1072887,46,21801,73,825411,87,86063,26,41954,15,3586,21
9/10/2020,Thursday,9,2020,1543662,27,997030,43,20181,68,801431,84,82142,25,39296,14,3403,20
9/11/2020,Friday,9,2020,1690334,29,1070920,46,20809,70,895765,94,88582,27,47781,17,3442,20
9/12/2020,Saturday,9,2020,1083698,34,752875,54,12349,72,800189,84,44546,38,32400,21,29,1
9/13/2020,Sunday,9,2020,796740,31,557231,51,9315,54,703809,80,36686,37,24009,23,4,0
9/14/2020,Monday,9,2020,1604381,28,1065601,46,19888,67,799572,84,89498,27,41286,14,3515,21
9/15/2020,Tuesday,9,2020,1678078,29,1091806,47,20763,70,815699,86,87025,27,41288,14,3696,22
9/16/2020,Wednesday,9,2020,1686909,29,1097389,47,22070,74,816708,86,87034,27,41417,14,3496,20
9/17/2020,Thursday,9,2020,1692368,29,1094592,47,21005,71,848024,89,86854,27,42339,15,3617,21
9/18/2020,Friday,9,2020,1725443,30,1083295,47,20702,70,894931,94,90657,28,48213,17,3367,20
9/19/2020,Saturday,9,2020,1136947,35,752437,54,12246,71,802613,84,46777,40,34608,23,1001,24
9/20/2020,Sunday,9,2020,827605,33,558863,51,9269,54,705596,80,38973,39,26328,25,760,26
9/21/2020,Monday,9,2020,1624139,28,1058256,46,19488,66,788504,83,89706,27,41901,15,3497,20
9/22/2020,Tuesday,9,2020,1698504,29,1095678,47,21103,71,808350,85,87376,27,41389,14,3821,22
9/23/2020,Wednesday,9,2020,1735333,30,1119904,48,22501,76,834468,88,88998,27,42506,15,3710,22
9/24/2020,Thursday,9,2020,1722364,30,1107707,48,21554,73,857578,90,89129,27,42969,15,3816,22
9/25/2020,Friday,9,2020,1761591,31,1110956,48,21233,72,912599,96,92506,28,49819,17,3708,22
9/26/2020,Saturday,9,2020,1120143,35,755197,54,12128,71,824514,86,47169,40,35771,23,32,1
9/27/2020,Sunday,9,2020,846179,33,576684,52,9491,55,731090,83,39994,40,28480,27,5,0
9/28/2020,Monday,9,2020,1489240,26,985185,42,17678,60,753158,79,89664,27,43237,15,3371,20
9/29/2020,Tuesday,9,2020,1661264,29,1057135,46,20517,69,790861,83,88444,27,40515,14,3632,21
9/30/2020,Wednesday,9,2020,1740820,30,1101663,47,21424,72,822682,86,89223,27,41967,15,3704,22
10/1/2020,Thursday,10,2020,1809958,31,1159859,51,22309,75,870605,94,86082,27,42390,15,4003,22
10/2/2020,Friday,10,2020,1790612,31,1115793,49,21626,73,891268,96,87291,28,48883,17,3589,20
10/3/2020,Saturday,10,2020,1168040,35,777674,56,12759,72,810625,86,45018,40,36907,24,33,1
10/4/2020,Sunday,10,2020,852830,35,570608,57,10010,54,706562,84,34976,38,27667,26,761,20
10/5/2020,Monday,10,2020,1678792,29,1102675,49,19971,67,783540,84,88694,28,42257,15,3587,20
10/6/2020,Tuesday,10,2020,1758454,31,1137217,50,21475,72,802900,87,87748,28,43803,15,3866,22
10/7/2020,Wednesday,10,2020,1770617,31,1123231,50,23027,77,814866,88,87119,28,43534,15,3791,21
10/8/2020,Thursday,10,2020,1798005,31,1126770,50,21964,74,845788,91,87959,28,44802,15,3913,22
10/9/2020,Friday,10,2020,1808079,31,1117172,50,21274,71,896404,97,78663,25,52686,18,3700,21
10/10/2020,Saturday,10,2020,1170227,35,771088,55,12627,71,823775,87,44528,39,41409,27,1430,31
10/11/2020,Sunday,10,2020,848469,35,564051,56,9470,52,692668,82,34593,38,28784,27,1049,28
10/12/2020,Monday,10,2020,1284655,22,767564,34,15722,53,685981,74,76776,24,39838,14,2237,13
10/13/2020,Tuesday,10,2020,1715183,30,1063680,47,20909,70,765671,82,76552,24,42205,15,3670,21
10/14/2020,Wednesday,10,2020,1838682,32,1162256,52,23169,78,824528,89,89173,28,45148,16,3956,22
10/15/2020,Thursday,10,2020,1853753,32,1152434,51,22834,77,866244,93,90288,29,46249,16,4069,23
10/16/2020,Friday,10,2020,1671320,29,974110,43,20776,70,820105,88,83798,27,47291,16,3366,19
10/17/2020,Saturday,10,2020,1209473,36,778070,56,11831,67,794519,84,43768,39,37764,25,1588,35
10/18/2020,Sunday,10,2020,896812,37,583350,58,9998,54,752261,89,34682,38,30690,29,1074,28
10/19/2020,Monday,10,2020,1719153,30,1105134,49,20812,70,782238,84,89186,28,44368,15,3570,20
10/20/2020,Tuesday,10,2020,1780231,31,1119283,50,21936,74,790017,85,86591,28,42741,15,3859,22
10/21/2020,Wednesday,10,2020,1812949,32,1140385,51,22959,77,806737,87,86210,27,44102,15,3848,22
10/22/2020,Thursday,10,2020,1825208,32,1140210,51,22391,75,845063,91,88686,28,45770,16,3927,22
10/23/2020,Friday,10,2020,1842588,32,1123540,50,21766,73,881994,95,89931,29,51765,18,3680,21
10/24/2020,Saturday,10,2020,1185612,36,775122,56,12916,73,805453,85,43618,38,38673,25,0,0
10/25/2020,Sunday,10,2020,885001,36,572347,57,10074,55,725808,86,33678,37,28321,27,0,0
10/26/2020,Monday,10,2020,1690651,29,1061566,47,20817,70,760603,82,86745,28,43557,15,3429,19
10/27/2020,Tuesday,10,2020,1815242,32,1143906,51,21870,73,789371,85,87401,28,43340,15,3642,20
10/28/2020,Wednesday,10,2020,1819352,32,1119450,50,23258,78,801965,86,86652,28,43289,15,3676,21
10/29/2020,Thursday,10,2020,1705072,30,987440,44,20925,70,776466,84,81794,26,41157,14,3539,20
10/30/2020,Friday,10,2020,1768018,31,1030639,46,21243,71,824679,89,84254,27,47967,16,3270,18
10/31/2020,Saturday,10,2020,1174059,35,747636,54,12816,72,743811,79,41538,37,34077,22,20,0
11/1/2020,Sunday,11,2020,786675,31,510820,51,10180,54,660914,80,29495,31,22602,22,3,0
11/2/2020,Monday,11,2020,1747908,31,1072262,49,21127,68,772129,82,87198,27,40609,14,3535,21
11/3/2020,Tuesday,11,2020,1602912,28,1027710,47,20416,65,720561,76,82140,25,39749,14,3184,19
11/4/2020,Wednesday,11,2020,1690489,30,1089354,50,22174,71,754703,80,81551,25,38818,14,3448,20
11/5/2020,Thursday,11,2020,1793796,32,1130774,52,22937,73,818991,87,86987,26,41550,15,3793,22
11/6/2020,Friday,11,2020,1837314,33,1120729,51,22659,73,858167,91,89499,27,48138,17,3546,21
11/7/2020,Saturday,11,2020,1246321,39,752851,57,13409,79,790711,87,46368,40,35870,24,35,1
11/8/2020,Sunday,11,2020,927670,37,587220,59,10474,56,726041,88,38485,41,27961,27,846,28
11/9/2020,Monday,11,2020,1752614,31,1111203,51,21444,69,773216,82,91681,28,42627,15,3561,21
11/10/2020,Tuesday,11,2020,1836902,33,1151911,53,23138,74,800964,85,91532,28,43083,15,3848,23
11/11/2020,Wednesday,11,2020,1614812,64,969123,97,20263,108,713639,87,83306,88,40073,38,3050,99
11/12/2020,Thursday,11,2020,1776666,32,1054132,48,22059,71,779141,83,86189,26,40381,14,3546,21
11/13/2020,Friday,11,2020,1816693,32,1061680,48,22054,71,821059,87,86252,26,45127,16,3332,20
11/14/2020,Saturday,11,2020,1215477,38,755951,57,12928,76,735029,81,41422,36,31397,21,14,0
11/15/2020,Sunday,11,2020,820858,33,528421,53,9763,52,596389,72,30948,33,20946,20,697,23
11/16/2020,Monday,11,2020,1741750,31,1079560,49,21851,70,757987,80,89463,27,41961,15,3532,21
11/17/2020,Tuesday,11,2020,1788847,32,1092416,50,22524,72,764724,81,86965,26,40078,14,3584,21
11/18/2020,Wednesday,11,2020,1787688,32,1065597,49,23390,75,776421,82,84069,26,39693,14,3495,21
11/19/2020,Thursday,11,2020,1757535,31,1056928,48,21780,70,800461,85,84662,26,40122,14,3529,21
11/20/2020,Friday,11,2020,1800423,32,1079029,49,22945,73,843069,89,87402,27,44683,16,3473,20
11/21/2020,Saturday,11,2020,1157957,37,750801,57,13193,78,742369,82,39204,34,27716,18,19,1
11/22/2020,Sunday,11,2020,817963,32,542124,54,10694,57,598348,73,31019,33,20269,19,92,3
11/23/2020,Monday,11,2020,1646525,29,1005225,46,21297,68,755374,80,87693,27,40668,14,3223,19
11/24/2020,Tuesday,11,2020,1735702,31,1068789,49,22814,73,821449,87,89805,27,41772,15,3405,20
11/25/2020,Wednesday,11,2020,1688227,30,1037242,47,21450,69,853222,90,93444,28,46209,16,3166,19
11/26/2020,Thursday,11,2020,652276,26,444391,45,12151,65,564192,68,72572,77,20393,20,847,28
11/27/2020,Friday,11,2020,1263473,50,815993,82,12395,66,671213,81,77273,82,25009,24,2046,67
11/28/2020,Saturday,11,2020,1032823,33,689580,52,10808,64,649087,71,37770,33,24688,16,1203,35
11/29/2020,Sunday,11,2020,826974,33,548548,55,9360,50,631798,77,32628,35,21898,21,826,27
11/30/2020,Monday,11,2020,1459131,26,849277,39,19751,63,652663,69,80033,24,37026,13,3035,18
12/1/2020,Tuesday,12,2020,1706348,32,1068627,53,21693,74,752069,85,73589,23,35225,13,3432,22
12/2/2020,Wednesday,12,2020,1699968,32,1026056,51,22712,78,746840,84,73631,23,35615,13,3277,21
12/3/2020,Thursday,12,2020,1736045,33,1070197,53,22941,79,767310,87,75093,24,37013,13,3325,21
12/4/2020,Friday,12,2020,1701628,32,1024641,51,21960,75,775709,88,72062,23,39228,14,3121,20
12/5/2020,Saturday,12,2020,1000240,30,617332,49,10151,59,572557,65,33528,26,19727,13,996,20
12/6/2020,Sunday,12,2020,878393,35,547330,56,9904,56,590525,74,35055,33,19652,18,885,26
12/7/2020,Monday,12,2020,1656627,31,1032813,52,21424,73,729674,82,77787,25,36890,13,3209,21
12/8/2020,Tuesday,12,2020,1540893,29,1034410,52,22177,76,744112,84,75033,24,36403,13,3185,20
12/9/2020,Wednesday,12,2020,1701926,32,1018247,51,22459,77,749886,85,74734,24,35917,13,3233,21
12/10/2020,Thursday,12,2020,1761336,33,1075970,54,22845,78,784406,89,76847,24,37600,13,3346,21
12/11/2020,Friday,12,2020,1786290,33,1064457,53,22751,78,821871,93,79717,25,42420,15,3278,21
12/12/2020,Saturday,12,2020,1091352,33,703892,55,12307,71,671668,76,41791,33,24118,15,20,0
12/13/2020,Sunday,12,2020,911439,36,582389,60,10208,57,659446,83,39293,37,22669,21,80,2
12/14/2020,Monday,12,2020,1584089,30,955525,48,21333,73,723908,82,75008,24,36057,13,2979,19
12/15/2020,Tuesday,12,2020,1783388,33,1088287,54,23432,80,819063,92,78446,25,38322,14,3353,21
12/16/2020,Wednesday,12,2020,1569079,29,853797,43,19296,66,625006,71,68092,22,33572,12,2899,19
12/17/2020,Thursday,12,2020,1079818,20,523854,26,9940,34,297298,34,21417,7,12527,4,1613,10
12/18/2020,Friday,12,2020,1735664,33,943587,47,17537,60,736356,83,74908,24,41287,15,3063,20
12/19/2020,Saturday,12,2020,1112827,34,670787,53,11589,67,651814,74,41101,32,24217,15,25,1
12/20/2020,Sunday,12,2020,821265,32,516593,53,9585,54,555254,70,32597,31,18767,17,736,22
12/21/2020,Monday,12,2020,1716035,32,1028489,51,21647,74,777049,88,81225,26,39814,14,3244,21
12/22/2020,Tuesday,12,2020,1760948,33,1046799,52,22820,78,814975,92,82001,26,39579,14,3254,21
12/23/2020,Wednesday,12,2020,1772537,33,1048565,52,23305,80,864271,98,84404,27,42100,15,3201,21
12/24/2020,Thursday,12,2020,1312480,25,822916,41,15928,55,760624,86,75759,24,38899,14,2176,14
12/25/2020,Friday,12,2020,485208,19,314171,32,8611,48,476547,60,51348,48,14435,13,631,19
12/26/2020,Saturday,12,2020,879170,26,559111,44,9094,53,593895,67,36047,28,22076,14,1014,20
12/27/2020,Sunday,12,2020,760350,30,474033,48,9457,53,594862,75,34432,32,20470,19,901,27
12/28/2020,Monday,12,2020,1510168,28,922336,46,18820,65,743305,84,81566,26,41012,15,3027,19
12/29/2020,Tuesday,12,2020,1555198,29,930711,46,19717,68,759864,86,78904,25,39416,14,3097,20
12/30/2020,Wednesday,12,2020,1582486,30,948194,47,20922,72,799839,90,79298,25,40962,15,2990,19
12/31/2020,Thursday,12,2020,1274984,24,792993,40,17167,59,704297,79,75157,24,39947,14,2162,14
1/1/2021,Friday,1,2021,613692,29,378288,41,5960,44,445950,65,28977,35,14988,17,805,29
1/2/2021,Saturday,1,2021,988418,37,608686,51,10450,72,624765,82,28879,30,23139,18,1194,29
1/3/2021,Sunday,1,2021,653187,31,413820,45,9745,72,496494,73,20819,25,15546,17,728,27
1/4/2021,Monday,1,2021,1557977,30,964597,47,20612,73,688045,79,71078,24,35679,13,3260,20
1/5/2021,Tuesday,1,2021,1597518,31,990479,48,21641,76,708610,82,70424,23,35805,13,3392,21
1/6/2021,Wednesday,1,2021,1613629,31,996123,49,22795,81,726679,84,70289,23,35857,13,3260,20
1/7/2021,Thursday,1,2021,1611099,31,989097,48,21571,76,736609,85,69695,23,36344,14,3149,19
1/8/2021,Friday,1,2021,1619242,31,982175,48,21641,76,754548,87,68649,23,39102,15,3017,18
1/9/2021,Saturday,1,2021,990412,37,643475,54,12023,83,630790,83,26962,28,22332,17,806,20
1/10/2021,Sunday,1,2021,763097,36,501437,55,9467,70,564543,83,23751,29,18076,20,593,22
1/11/2021,Monday,1,2021,1568207,30,966517,47,21089,75,708058,81,72285,24,36015,13,3123,19
1/12/2021,Tuesday,1,2021,1640428,32,997279,49,21623,76,730831,84,71403,24,36563,14,3297,20
1/13/2021,Wednesday,1,2021,1641652,32,996646,49,22720,80,737859,85,70591,23,36488,14,3160,19
1/14/2021,Thursday,1,2021,1647396,32,1017757,50,21950,78,754071,87,70937,23,37403,14,3234,20
1/15/2021,Friday,1,2021,1627120,32,981817,48,21819,77,788779,91,70180,23,41025,15,2978,18
1/16/2021,Saturday,1,2021,991500,37,645625,54,11654,80,631135,83,27116,28,22548,17,1099,27
1/17/2021,Sunday,1,2021,797654,38,504031,55,9880,73,580771,85,24223,29,20269,22,910,33
1/18/2021,Monday,1,2021,1276978,61,766926,84,14124,105,689251,101,68674,83,22337,25,2141,78
1/19/2021,Tuesday,1,2021,1635915,32,1013616,50,21049,74,736254,85,72565,24,36885,14,3328,20
1/20/2021,Wednesday,1,2021,1575075,31,921371,45,19281,68,712711,82,67925,22,35263,13,2963,18
1/21/2021,Thursday,1,2021,1652842,32,1007042,49,19925,70,760221,87,71225,24,37003,14,3258,20
1/22/2021,Friday,1,2021,1672001,33,1018584,50,20375,72,787474,91,71317,24,40981,15,3174,19
1/23/2021,Saturday,1,2021,997551,37,619673,52,10536,73,640381,84,27942,29,22216,17,1114,27
1/24/2021,Sunday,1,2021,741139,35,458203,50,8317,62,560522,82,23974,29,17881,20,821,30
1/25/2021,Monday,1,2021,1592468,31,978987,48,19991,71,727393,84,73131,24,36509,14,3226,20
1/26/2021,Tuesday,1,2021,1550953,30,911579,45,18115,64,653068,75,68237,23,34574,13,2965,18
1/27/2021,Wednesday,1,2021,1660278,32,1004792,49,19841,70,740154,85,70353,23,35635,13,3098,19
1/28/2021,Thursday,1,2021,1646806,32,950205,46,20139,71,768600,88,70023,23,37015,14,3208,20
1/29/2021,Friday,1,2021,1511680,29,812264,40,19047,67,780131,90,65128,22,37760,14,2646,16
1/30/2021,Saturday,1,2021,942615,35,566837,47,10284,71,652550,85,26642,27,21229,16,811,20
1/31/2021,Sunday,1,2021,722853,35,427945,47,8616,64,573512,84,23091,28,17531,19,620,23
2/1/2021,Monday,2,2021,583230,11,337228,16,12202,41,156759,18,8611,3,12093,4,954,6
2/2/2021,Tuesday,2,2021,1005985,19,543073,25,8155,28,311607,35,22756,8,22258,8,1517,9
2/3/2021,Wednesday,2,2021,1702598,31,949695,44,16869,57,656614,74,69068,23,36347,13,3057,19
2/4/2021,Thursday,2,2021,1785833,33,1033791,48,20328,69,742193,84,71341,24,37590,14,3381,21
2/5/2021,Friday,2,2021,1741015,32,1001775,47,20136,68,766091,87,68866,23,40322,15,3115,19
2/6/2021,Saturday,2,2021,1148477,40,715717,57,12020,74,689415,83,29248,31,25168,19,1280,30
2/7/2021,Sunday,2,2021,652521,30,367095,38,7115,42,340122,45,17110,22,14068,15,736,26
2/8/2021,Monday,2,2021,1639753,30,964007,45,17786,60,701146,79,70984,23,36921,14,3075,19
2/9/2021,Tuesday,2,2021,1666467,31,992290,46,19386,66,682085,77,69548,23,34582,13,3123,19
2/10/2021,Wednesday,2,2021,1750121,32,1052021,49,22169,75,769088,87,71257,24,36580,14,3284,20
2/11/2021,Thursday,2,2021,1714656,32,1005348,47,20144,68,755367,86,70196,23,37230,14,3148,19
2/12/2021,Friday,2,2021,1706430,31,965421,45,20165,69,803912,91,72130,24,42228,16,2823,17
2/13/2021,Saturday,2,2021,1092063,38,656637,52,11669,72,666722,80,29284,31,25456,19,1198,28
2/14/2021,Sunday,2,2021,858014,39,479319,49,7835,46,551288,73,23392,30,20489,22,863,31
2/15/2021,Monday,2,2021,1218593,56,726412,74,11437,68,641883,85,65652,84,21792,24,1764,63
2/16/2021,Tuesday,2,2021,1627528,30,963223,45,19126,65,726224,82,72718,24,36234,13,3211,20
2/17/2021,Wednesday,2,2021,1733160,32,1061711,49,22336,76,821333,93,74219,25,39205,15,3349,21
2/18/2021,Thursday,2,2021,1381886,25,725951,34,15843,54,456327,52,57987,19,31747,12,2521,16
2/19/2021,Friday,2,2021,1566021,29,809308,38,14172,48,608152,69,64121,21,38307,14,2707,17
2/20/2021,Saturday,2,2021,1110589,39,679240,54,10578,65,657045,79,30920,33,25729,20,1381,32
2/21/2021,Sunday,2,2021,836095,38,516715,53,9195,55,605395,80,25208,32,19844,22,956,34
2/22/2021,Monday,2,2021,1582054,29,927414,43,19015,65,691608,78,69741,23,35468,13,3079,19
2/23/2021,Tuesday,2,2021,1730198,32,1040398,48,20852,71,759850,86,73492,24,37505,14,3406,21
2/24/2021,Wednesday,2,2021,1806306,33,1099351,51,23223,79,797488,90,74777,25,39124,15,3546,22
2/25/2021,Thursday,2,2021,1798165,33,1069420,50,22138,75,814611,92,75030,25,39397,15,3543,22
2/26/2021,Friday,2,2021,1822812,34,1065376,50,21911,74,851052,96,76696,25,44410,16,3359,21
2/27/2021,Saturday,2,2021,1072932,37,635820,50,11319,70,681969,82,28849,31,24256,19,1324,31
2/28/2021,Sunday,2,2021,810071,37,491545,50,8910,53,619960,82,23778,30,20086,22,972,35
3/1/2021,Monday,3,2021,1696274,30,1020837,46,20359,68,747909,81,74430,24,36339,13,3333,21
3/2/2021,Tuesday,3,2021,1749511,31,1024511,46,20640,69,763489,83,75335,24,36611,13,3472,22
3/3/2021,Wednesday,3,2021,1846431,33,1119137,50,22823,77,798577,87,78770,25,39651,14,3569,22
3/4/2021,Thursday,3,2021,1808744,32,1078036,48,21727,73,807284,88,78642,25,39730,14,3456,22
3/5/2021,Friday,3,2021,1825915,33,1041408,46,21842,73,846071,92,79104,25,45027,16,3270,20
3/6/2021,Saturday,3,2021,1167884,38,696719,52,11951,71,728236,84,37158,34,27276,20,3,0
3/7/2021,Sunday,3,2021,894119,39,525930,53,9843,56,662461,82,29306,34,21547,23,58,2
3/8/2021,Monday,3,2021,1719586,31,1039763,46,20685,70,767707,83,79355,25,39763,14,3344,21
3/9/2021,Tuesday,3,2021,1834068,33,1101988,49,22200,75,791512,86,79269,25,40944,15,3602,23
3/10/2021,Wednesday,3,2021,1849077,33,1104610,49,22774,77,804700,87,78069,25,41488,15,3625,23
3/11/2021,Thursday,3,2021,1881902,34,1107502,49,22617,76,836773,91,80398,26,42543,15,3682,23
3/12/2021,Friday,3,2021,1914465,34,1092388,49,21724,73,873014,95,82399,26,48553,18,3507,22
3/13/2021,Saturday,3,2021,1257372,41,730218,55,11932,70,776744,89,38465,36,31500,23,0,0
3/14/2021,Sunday,3,2021,923968,40,531754,53,9732,55,673170,83,30405,35,22347,24,0,0
3/15/2021,Monday,3,2021,1730024,31,1023990,46,19986,67,774146,84,79331,25,39529,14,3264,20
3/16/2021,Tuesday,3,2021,1798288,32,1062179,47,20903,70,786996,85,77672,25,40038,15,3394,21
3/17/2021,Wednesday,3,2021,1866414,34,1103979,49,22323,75,808876,88,81431,26,41682,15,3465,22
3/18/2021,Thursday,3,2021,1771092,32,1019472,45,20264,68,799478,87,76532,24,39884,14,3283,21
3/19/2021,Friday,3,2021,1906749,34,1083647,48,20357,68,863187,94,80041,26,46605,17,3331,21
3/20/2021,Saturday,3,2021,1307403,43,768908,58,12558,74,787777,90,41743,39,33068,24,0,0
3/21/2021,Sunday,3,2021,1013386,44,579358,58,10358,59,735673,91,34693,40,26380,28,0,0
3/22/2021,Monday,3,2021,1801438,32,1095241,49,20427,69,788542,86,84171,27,43281,16,3646,23
3/23/2021,Tuesday,3,2021,1879574,34,1133504,51,21590,73,810243,88,83106,27,41654,15,3727,23
3/24/2021,Wednesday,3,2021,1828084,33,1075968,48,21651,73,794315,86,79590,25,40301,15,3578,22
3/25/2021,Thursday,3,2021,1925768,35,1127964,50,21763,73,847633,92,83556,27,44105,16,3747,23
3/26/2021,Friday,3,2021,1938246,35,1091753,49,20805,70,865970,94,84436,27,49529,18,3536,22
3/27/2021,Saturday,3,2021,1374266,45,781981,59,12900,76,841595,97,47484,44,38301,28,0,0
3/28/2021,Sunday,3,2021,807247,35,459949,46,9104,52,601860,75,28347,33,21000,22,0,0
3/29/2021,Monday,3,2021,1742162,31,1002597,45,18543,62,763647,83,86467,28,44240,16,3378,21
3/30/2021,Tuesday,3,2021,1881537,34,1079381,48,21019,71,842154,91,91258,29,46574,17,3806,24
3/31/2021,Wednesday,3,2021,1808546,32,995873,44,20374,69,833052,90,84850,27,43954,16,3526,22
4/1/2021,Thursday,4,2021,1841815,33,1030209,47,20490,71,856466,91,77285,25,38466,13,3434,21
4/2/2021,Friday,4,2021,1757698,32,958085,44,18839,65,845252,90,79770,26,49308,17,3070,19
4/3/2021,Saturday,4,2021,1318461,42,750682,56,12735,76,779701,85,47662,42,37706,25,1503,29
4/4/2021,Sunday,4,2021,950194,39,519812,52,11632,62,749910,87,40868,45,30673,30,1066,33
4/5/2021,Monday,4,2021,1818703,33,1088750,50,19970,69,832239,88,87048,28,46156,16,3431,21
4/6/2021,Tuesday,4,2021,1942198,35,1155101,53,21695,75,840351,89,85757,28,45178,16,3873,24
4/7/2021,Wednesday,4,2021,1985370,36,1172362,54,23469,81,858593,91,85479,28,45747,16,3809,23
4/8/2021,Thursday,4,2021,2013413,36,1177833,54,22579,78,877834,93,86715,28,47059,16,3893,24
4/9/2021,Friday,4,2021,2026724,36,1144311,52,21978,76,895229,95,87051,28,52445,18,3686,23
4/10/2021,Saturday,4,2021,1391245,44,790023,59,12713,76,822112,90,45962,40,36629,25,1500,29
4/11/2021,Sunday,4,2021,899646,37,504407,51,9742,52,666435,77,32034,35,22933,22,1020,31
4/12/2021,Monday,4,2021,1845836,33,1087799,50,21192,73,793402,84,83124,27,43563,15,3418,21
4/13/2021,Tuesday,4,2021,2012153,36,1196355,55,22728,79,832482,88,87182,28,46150,16,3877,24
4/14/2021,Wednesday,4,2021,2018126,36,1199954,55,23462,81,852606,91,86698,28,47970,17,3810,23
4/15/2021,Thursday,4,2021,1906733,34,1083083,50,21198,73,822207,87,81762,26,44175,15,3593,22
4/16/2021,Friday,4,2021,2078856,37,1157507,53,21632,75,889711,95,87190,28,54355,19,3591,22
4/17/2021,Saturday,4,2021,1425036,45,803352,60,13313,80,813162,89,49901,44,39789,27,0,0
4/18/2021,Sunday,4,2021,1082503,45,607333,61,10865,58,753446,87,38263,42,30983,30,0,0
4/19/2021,Monday,4,2021,1911326,34,1147977,53,21274,74,816540,87,87167,28,45925,16,3634,22
4/20/2021,Tuesday,4,2021,2082495,37,1223642,56,23528,81,860511,91,90034,29,49100,17,4135,25
4/21/2021,Wednesday,4,2021,1965922,35,1139762,52,22379,77,828447,88,83533,27,45253,16,3788,23
4/22/2021,Thursday,4,2021,2040232,37,1166357,53,21832,75,871573,93,86606,28,46790,16,3837,24
4/23/2021,Friday,4,2021,2121350,38,1184193,54,22035,76,920588,98,92834,30,56155,20,3737,23
4/24/2021,Saturday,4,2021,1520057,48,809163,61,13351,80,854964,94,51570,45,43227,29,0,0
4/25/2021,Sunday,4,2021,985027,41,540989,55,9777,52,695863,80,34054,37,23855,23,0,0
4/26/2021,Monday,4,2021,1955370,35,1156913,53,21083,73,826605,88,89303,29,46752,16,3761,23
4/27/2021,Tuesday,4,2021,2041698,37,1198299,55,22603,78,839788,89,89028,29,47310,16,4020,25
4/28/2021,Wednesday,4,2021,2135793,38,1227777,56,24412,84,888723,94,92150,30,50011,17,4027,25
4/29/2021,Thursday,4,2021,2028524,36,1166096,53,22201,77,873037,93,88705,29,47785,17,3881,24
4/30/2021,Friday,4,2021,2159476,39,1185321,54,22322,77,922720,98,93530,30,57364,20,3699,23
5/1/2021,Saturday,5,2021,1515211,47,818655,59,13263,77,849633,89,51067,43,41395,27,0,0
5/2/2021,Sunday,5,2021,1153471,48,620063,64,11541,68,809865,95,41827,43,32683,31,0,0
5/3/2021,Monday,5,2021,1971010,34,1165505,51,21492,73,828506,86,91084,29,45800,16,3744,22
5/4/2021,Tuesday,5,2021,2120071,37,1227250,54,22962,78,851039,88,93107,29,49415,17,4181,24
5/5/2021,Wednesday,5,2021,2074543,36,1158445,51,23236,79,841968,87,91994,29,48351,17,3851,22
5/6/2021,Thursday,5,2021,2199943,38,1258536,55,23792,81,905604,94,94244,30,52748,18,4168,24
5/7/2021,Friday,5,2021,2238033,39,1222741,54,22730,77,936747,97,101637,32,61477,21,3827,22
5/8/2021,Saturday,5,2021,1444674,45,779188,56,13339,77,854156,89,56309,48,42664,28,0,0
5/9/2021,Sunday,5,2021,1107878,46,576000,60,13897,82,854809,100,54074,55,37795,36,856,24
5/10/2021,Monday,5,2021,1990039,35,1149109,51,20751,71,844563,88,96813,30,50090,17,3850,22
5/11/2021,Tuesday,5,2021,2148322,38,1231886,54,22751,77,873176,91,97358,30,51588,18,4227,24
5/12/2021,Wednesday,5,2021,2182277,38,1238990,54,23946,81,887381,92,98930,31,53548,19,4193,24
5/13/2021,Thursday,5,2021,2163052,38,1182347,52,23439,80,918259,95,103047,32,55558,19,4112,24
5/14/2021,Friday,5,2021,2266974,40,1220112,54,22437,76,947064,98,104885,33,63394,22,3963,23
5/15/2021,Saturday,5,2021,1637231,51,844096,60,13516,78,891574,93,63079,53,49401,33,11,0
5/16/2021,Sunday,5,2021,1201904,50,621750,65,11062,65,814177,96,49166,50,36227,35,14,0
5/17/2021,Monday,5,2021,2022584,35,1157960,51,20779,71,810018,84,98458,31,52803,18,3990,23
5/18/2021,Tuesday,5,2021,2150049,38,1215676,53,22367,76,838307,87,100430,31,54920,19,4321,25
5/19/2021,Wednesday,5,2021,2257549,39,1253578,55,23784,81,915644,95,104762,33,56851,20,4367,25
5/20/2021,Thursday,5,2021,2269471,40,1243965,55,23659,80,931659,97,106604,33,57425,20,4441,26
5/21/2021,Friday,5,2021,2331876,41,1221591,54,22520,77,965528,100,110077,34,67283,24,4264,25
5/22/2021,Saturday,5,2021,1645268,51,839877,60,13397,77,911148,95,66293,56,51249,34,1787,37
5/23/2021,Sunday,5,2021,1268928,53,645466,67,11765,69,885740,104,58005,59,40613,39,1358,39
5/24/2021,Monday,5,2021,2118877,37,1192453,52,21563,73,869940,90,105528,33,55179,19,4252,24
5/25/2021,Tuesday,5,2021,2270945,40,1253998,55,22854,78,902577,94,110871,35,58737,21,4683,27
5/26/2021,Wednesday,5,2021,2275882,40,1241052,55,23594,80,921084,96,114548,36,59613,21,4429,25
5/27/2021,Thursday,5,2021,2352019,41,1246269,55,23450,80,970920,101,117293,37,62852,22,4619,27
5/28/2021,Friday,5,2021,2232599,39,1135369,50,21520,73,931760,97,112780,35,66048,23,4047,23
5/29/2021,Saturday,5,2021,1370135,43,648192,46,11734,68,744860,78,54774,46,38894,26,1332,27
5/30/2021,Sunday,5,2021,1065176,45,484864,50,10028,59,664029,78,43418,45,30072,29,956,27
5/31/2021,Monday,5,2021,1389651,58,702801,73,10380,61,756187,89,102292,105,43039,41,1651,47
6/1/2021,Tuesday,6,2021,2258831,40,1230127,57,22308,76,907698,92,114759,34,94923,32,4705,29
6/2/2021,Wednesday,6,2021,2343745,42,1249102,58,24325,83,910385,93,112503,34,90821,31,4772,29
6/3/2021,Thursday,6,2021,2233917,40,1143159,53,23026,79,895524,91,102751,31,84815,29,4419,27
6/4/2021,Friday,6,2021,2310032,41,1160335,54,22743,78,930743,95,104564,31,88908,30,4308,27
6/5/2021,Saturday,6,2021,1792204,56,874545,62,14636,84,946758,96,72827,59,62687,40,0,0
6/6/2021,Sunday,6,2021,1363344,52,654780,60,12514,69,921829,100,61866,63,51469,47,0,0
6/7/2021,Monday,6,2021,2223265,40,1200737,56,21511,73,897208,91,112097,34,89412,30,4348,27
6/8/2021,Tuesday,6,2021,2265591,40,1175335,55,22948,78,878376,89,108346,33,87986,30,4561,28
6/9/2021,Wednesday,6,2021,2386026,43,1259005,59,23868,81,908563,92,107918,32,90641,31,4586,28
6/10/2021,Thursday,6,2021,2473818,44,1276901,59,23498,80,951274,97,113236,34,91323,31,4801,30
6/11/2021,Friday,6,2021,2468258,44,1221484,57,23324,80,968763,99,118259,36,94566,32,4371,27
6/12/2021,Saturday,6,2021,1775538,55,849178,61,14450,83,919318,93,68188,55,61468,39,0,0
6/13/2021,Sunday,6,2021,1379959,53,647385,59,12047,67,887098,96,59186,60,51712,47,0,0
6/14/2021,Monday,6,2021,2223186,40,1176722,55,21568,74,869235,88,115254,35,91064,31,4205,26
6/15/2021,Tuesday,6,2021,2469785,44,1277203,59,23460,80,917933,93,117580,35,96688,33,4925,30
6/16/2021,Wednesday,6,2021,2519444,45,1288040,60,24788,85,945955,96,119205,36,94690,32,4745,29
6/17/2021,Thursday,6,2021,2552497,46,1281552,60,23292,80,973485,99,121580,37,98435,33,4989,31
6/18/2021,Friday,6,2021,2572013,98,1235675,114,22491,124,989296,107,122848,125,104304,96,4549,117
6/19/2021,Saturday,6,2021,1784312,55,841519,60,13949,80,952944,97,76508,62,66134,42,0,0
6/20/2021,Sunday,6,2021,1389352,53,652557,60,13189,73,951631,103,76969,78,60876,56,0,0
6/21/2021,Monday,6,2021,2264368,40,1191844,55,20512,70,926300,94,123918,37,95740,32,4601,28
6/22/2021,Tuesday,6,2021,2354873,42,1172110,55,22293,76,896868,91,116165,35,97637,33,4648,29
6/23/2021,Wednesday,6,2021,2547416,45,1264095,59,24223,83,946870,96,121867,37,101864,34,5027,31
6/24/2021,Thursday,6,2021,2552639,46,1248843,58,22842,78,978351,99,121542,37,100509,34,5045,31
6/25/2021,Friday,6,2021,2582713,46,1214123,56,22400,76,988675,101,126722,38,100537,34,4712,29
6/26/2021,Saturday,6,2021,1854179,58,841585,60,13520,78,950086,97,76560,62,66738,42,1682,33
6/27/2021,Sunday,6,2021,1559967,60,656004,60,11883,66,900039,97,75058,76,62411,57,1436,37
6/28/2021,Monday,6,2021,2252362,40,1152019,54,20503,70,924740,94,122263,37,101482,34,4564,28
6/29/2021,Tuesday,6,2021,2343739,42,1169268,54,21612,74,930011,95,119355,36,97829,33,4717,29
6/30/2021,Wednesday,6,2021,2346388,42,1139886,53,23001,79,945822,96,119358,36,99455,34,4476,28
7/1/2021,Thursday,7,2021,2292461,43,1104516,53,22011,78,933638,97,114363,36,90018,32,4598,33
7/2/2021,Friday,7,2021,2296044,43,1121116,54,21489,76,920188,96,116542,37,94252,33,4258,31
7/3/2021,Saturday,7,2021,1541988,55,738089,55,12676,80,777262,84,63827,50,57381,37,1768,35
7/4/2021,Sunday,7,2021,1468510,63,615001,56,12816,78,773629,87,70165,67,63948,60,1815,51
7/5/2021,Monday,7,2021,1495709,64,770321,70,10303,62,838087,95,78370,75,59711,56,2005,56
7/6/2021,Tuesday,7,2021,2302002,44,1181416,57,22648,80,903777,94,127893,40,100494,35,4690,34
7/7/2021,Wednesday,7,2021,2437064,46,1234617,60,23637,83,926634,96,122603,39,99137,35,5028,36
7/8/2021,Thursday,7,2021,2364250,45,1164513,56,22941,81,897858,93,116274,37,93197,33,4785,35
7/9/2021,Friday,7,2021,2318387,44,1115969,54,20632,73,888932,92,109420,35,88347,31,4325,31
7/10/2021,Saturday,7,2021,1781717,63,855908,63,14518,91,925950,100,72964,57,64429,42,2204,43
7/11/2021,Sunday,7,2021,1365854,58,635511,58,11725,71,830775,94,62559,60,53178,50,1549,43
7/12/2021,Monday,7,2021,2245412,43,1171521,57,20623,73,866231,90,120503,38,99023,35,4563,33
7/13/2021,Tuesday,7,2021,2457526,47,1239045,60,22286,79,895705,93,123373,39,105314,37,5117,37
7/14/2021,Wednesday,7,2021,2517615,48,1260044,61,23662,83,919213,96,120455,38,101843,36,5018,36
7/15/2021,Thursday,7,2021,2581582,49,1275846,62,23772,84,971048,101,125587,40,105171,37,5209,38
7/16/2021,Friday,7,2021,2536569,48,1219118,59,21730,77,983846,102,123465,39,104331,37,4626,34
7/17/2021,Saturday,7,2021,1717480,61,795347,59,13228,83,897001,97,73001,57,64513,42,0,0
7/18/2021,Sunday,7,2021,1405344,60,640618,58,11313,68,838604,95,67362,64,56174,53,0,0
7/19/2021,Monday,7,2021,2327756,44,1208792,58,20276,72,897298,93,126653,40,103403,37,4717,34
7/20/2021,Tuesday,7,2021,2462002,47,1217802,59,22213,78,924495,96,125809,40,107009,38,5015,36
7/21/2021,Wednesday,7,2021,2504568,47,1225595,59,22865,81,914902,95,121530,38,104862,37,4934,36
7/22/2021,Thursday,7,2021,2582151,49,1279778,62,23122,82,963493,100,127275,40,102275,36,5187,38
7/23/2021,Friday,7,2021,2552330,48,1219255,59,22314,79,985198,102,130474,41,101070,36,4713,34
7/24/2021,Saturday,7,2021,1852402,66,856250,63,14042,88,950568,103,84852,66,68579,44,0,0
7/25/2021,Sunday,7,2021,1364830,58,625645,57,11419,69,864361,98,66417,63,53090,50,0,0
7/26/2021,Monday,7,2021,2318455,44,1219135,59,19910,70,907205,94,129875,41,101260,36,4714,34
7/27/2021,Tuesday,7,2021,2487947,47,1267804,61,22609,80,918908,96,128262,41,102950,36,5132,37
7/28/2021,Wednesday,7,2021,2534756,48,1276296,62,23145,82,932094,97,126767,40,99976,35,5004,36
7/29/2021,Thursday,7,2021,2428764,46,1186642,57,22164,78,918380,96,120318,38,94716,33,4743,34
7/30/2021,Friday,7,2021,2557677,48,1235623,60,22127,78,988596,103,131905,42,103531,37,4812,35
7/31/2021,Saturday,7,2021,1841007,65,857333,64,13932,88,953445,103,85371,67,67121,43,0,0
8/1/2021,Sunday,8,2021,1351294,57,629963,57,11627,65,869092,94,66030,63,51978,50,0,0
8/2/2021,Monday,8,2021,2333923,45,1208484,60,19824,71,903514,93,126151,40,102349,38,4799,36
8/3/2021,Tuesday,8,2021,2483802,48,1262043,63,22828,82,904753,93,123949,40,103249,38,5262,39
8/4/2021,Wednesday,8,2021,2529002,49,1257876,62,23611,85,921068,95,123700,40,99332,36,5016,37
8/5/2021,Thursday,8,2021,2529190,49,1259332,62,22610,81,956306,98,119999,38,98290,36,5097,38
8/6/2021,Friday,8,2021,2519444,49,1222343,61,22179,79,979833,101,123238,39,101218,37,4500,34
8/7/2021,Saturday,8,2021,1780458,61,836715,61,14108,85,923751,96,76835,58,67267,44,0,0
8/8/2021,Sunday,8,2021,1333885,56,598574,54,11934,66,843489,92,61066,59,54265,52,0,0
8/9/2021,Monday,8,2021,2289434,45,1183050,59,20540,74,891525,92,109865,35,95599,35,4845,36
8/10/2021,Tuesday,8,2021,2442194,48,1245670,62,23079,83,905508,93,122544,39,95330,35,5037,38
8/11/2021,Wednesday,8,2021,2475949,48,1246306,62,23338,84,931264,96,119708,38,94737,35,4928,37
8/12/2021,Thursday,8,2021,2448589,48,1223666,61,22427,80,965578,99,119717,38,90818,33,4764,36
8/13/2021,Friday,8,2021,2430102,47,1189426,59,21336,76,973883,100,123849,40,91861,34,4522,34
8/14/2021,Saturday,8,2021,1718222,58,811826,59,13157,79,904780,94,75664,57,57650,38,0,0
8/15/2021,Sunday,8,2021,1430620,60,661705,60,12395,69,918288,100,72983,70,54362,52,0,0
8/16/2021,Monday,8,2021,2287627,45,1170216,58,20087,72,910779,94,123942,40,100258,37,4769,36
8/17/2021,Tuesday,8,2021,2427611,47,1209633,60,22245,80,909180,94,120737,39,103616,38,5081,38
8/18/2021,Wednesday,8,2021,2445638,48,1210760,60,22715,81,917872,94,117216,37,97853,36,4878,36
8/19/2021,Thursday,8,2021,2439624,47,1194375,59,21838,78,939085,97,117409,38,93036,34,4871,36
8/20/2021,Friday,8,2021,2456334,48,1183308,59,21451,77,969814,100,124627,40,99533,36,4590,34
8/21/2021,Saturday,8,2021,1715030,58,822340,60,13046,78,941331,98,72843,55,61997,41,1409,30
8/22/2021,Sunday,8,2021,745240,31,369246,33,7979,44,489334,53,27528,26,16121,16,560,16
8/23/2021,Monday,8,2021,2052669,40,1032792,51,18809,67,821654,85,110003,35,84223,31,4062,30
8/24/2021,Tuesday,8,2021,2462365,48,1234884,61,22679,81,942935,97,130591,42,98325,36,5041,38
8/25/2021,Wednesday,8,2021,2498255,49,1236342,61,23351,84,957036,98,127392,41,93307,34,5165,39
8/26/2021,Thursday,8,2021,2480137,48,1222996,61,22068,79,950534,98,122067,39,91039,33,4995,37
8/27/2021,Friday,8,2021,2388210,46,1147249,57,21211,76,973335,100,119665,38,90532,33,4392,33
8/28/2021,Saturday,8,2021,1659434,56,776489,56,12760,77,890293,93,68988,52,56208,37,1661,35
8/29/2021,Sunday,8,2021,1398566,59,630281,57,11558,64,890505,97,68832,66,54068,52,2076,58
8/30/2021,Monday,8,2021,2321000,45,1182908,59,19224,69,911105,94,131574,42,97092,36,4695,35
8/31/2021,Tuesday,8,2021,2532584,49,1246463,62,22724,81,936181,96,133641,43,99949,37,5390,40
9/1/2021,Wednesday,9,2021,2294448,40,1086148,47,20878,70,811053,85,118437,36,90598,31,4551,27
9/2/2021,Thursday,9,2021,1661558,29,1188941,51,21179,71,851145,89,105647,32,37898,13,2620,15
9/3/2021,Friday,9,2021,2390392,41,1221668,53,22585,76,1014806,107,139807,43,97937,34,4450,26
9/4/2021,Saturday,9,2021,1777639,55,834456,59,13382,78,927358,97,84764,72,57137,37,2104,51
9/5/2021,Sunday,9,2021,1415352,56,618622,56,11931,69,832200,94,71004,72,45169,43,1541,53
9/6/2021,Monday,9,2021,1521388,60,733947,67,10077,59,812884,92,77906,79,51338,49,1966,67
9/7/2021,Tuesday,9,2021,2233674,39,1102372,47,21143,71,902400,95,137623,42,113742,39,4795,28
9/8/2021,Wednesday,9,2021,2529619,44,1192895,51,22354,75,896020,94,135722,41,110925,38,5228,31
9/9/2021,Thursday,9,2021,2702713,47,1249341,54,23653,80,911040,96,139547,43,111708,39,5378,31
9/10/2021,Friday,9,2021,2840443,49,1322430,57,23037,78,995486,105,150895,46,113495,39,5377,31
9/11/2021,Saturday,9,2021,1983091,62,870791,62,13070,76,917704,96,82235,69,65329,43,2182,53
9/12/2021,Sunday,9,2021,1589976,62,694561,63,12239,71,899864,102,77028,78,58979,56,1679,57
9/13/2021,Monday,9,2021,2852796,49,1441516,62,21898,74,914827,96,147829,45,122504,42,6133,36
9/14/2021,Tuesday,9,2021,3011275,52,1511145,65,23132,78,908024,95,144904,44,120532,42,6672,39
9/15/2021,Wednesday,9,2021,2987334,52,1503627,65,23966,81,904733,95,139927,43,116413,40,6410,38
9/16/2021,Thursday,9,2021,2534545,44,1210069,52,20826,70,864413,91,127995,39,107680,37,5308,31
9/17/2021,Friday,9,2021,3028545,52,1456201,63,23282,78,982085,103,142120,43,119349,41,6131,36
9/18/2021,Saturday,9,2021,2014848,63,871175,62,14054,82,949178,99,77267,65,76288,50,2582,62
9/19/2021,Sunday,9,2021,1596823,63,674024,61,12612,73,914623,103,69397,70,64139,61,1897,65
9/20/2021,Monday,9,2021,2883211,50,1481676,64,21889,74,895109,94,148068,45,122101,42,6548,38
9/21/2021,Tuesday,9,2021,3018312,52,1505803,65,22399,75,860050,90,142672,44,123923,43,6998,41
9/22/2021,Wednesday,9,2021,3021113,52,1506211,65,23157,78,872883,92,139853,43,120056,42,6812,40
9/23/2021,Thursday,9,2021,3016106,52,1483075,64,23031,78,915198,96,140127,43,115473,40,6724,39
9/24/2021,Friday,9,2021,3121747,54,1469705,63,21941,74,986694,104,142827,44,116730,40,6294,37
9/25/2021,Saturday,9,2021,2129492,66,872490,62,13909,81,953628,100,88460,75,81282,53,2719,66
9/26/2021,Sunday,9,2021,1614677,63,657257,60,12034,70,895286,101,80069,81,64937,62,2238,77
9/27/2021,Monday,9,2021,2873368,50,1489441,64,21209,71,881116,93,146154,45,121534,42,6715,39
9/28/2021,Tuesday,9,2021,2927715,51,1457421,63,21727,73,831192,87,141188,43,118253,41,6827,40
9/29/2021,Wednesday,9,2021,3063720,53,1513184,65,23323,79,886785,93,137483,42,120032,42,6789,40
9/30/2021,Thursday,9,2021,3146861,55,1516081,65,23555,79,953501,100,144838,44,121842,42,7104,42
10/1/2021,Friday,10,2021,3162881,55,1492942,66,23098,78,985786,106,140003,45,116182,40,6325,35
10/2/2021,Saturday,10,2021,2063660,62,883902,63,14145,80,923455,98,86563,76,80946,53,2562,56
10/3/2021,Sunday,10,2021,1575738,64,673253,67,12936,70,887540,105,74851,82,66758,63,1904,50
10/4/2021,Monday,10,2021,2864349,50,1419155,63,21794,73,871945,94,152598,49,121256,42,6591,37
10/5/2021,Tuesday,10,2021,3091160,54,1499767,67,23644,79,887129,96,150226,48,124670,43,7027,39
10/6/2021,Wednesday,10,2021,3140986,55,1532668,68,24677,83,913993,98,149640,48,123097,42,6972,39
10/7/2021,Thursday,10,2021,3190747,56,1523168,68,24571,83,951212,102,150072,48,121407,42,7298,41
10/8/2021,Friday,10,2021,3168473,55,1473912,65,23356,78,1001210,108,153755,49,123609,43,6660,37
10/9/2021,Saturday,10,2021,2052699,62,856308,62,13634,77,919384,97,84631,75,81969,54,47,1
10/10/2021,Sunday,10,2021,1499385,61,601821,60,11794,64,806025,95,65636,72,59049,56,166,4
10/11/2021,Monday,10,2021,2263615,39,1045865,46,16917,57,878443,95,131714,42,114458,39,3883,22
10/12/2021,Tuesday,10,2021,3102879,54,1514608,67,23848,80,910639,98,154602,49,128194,44,7292,41
10/13/2021,Wednesday,10,2021,3157457,55,1511356,67,24396,82,907632,98,151319,48,124790,43,7198,40
10/14/2021,Thursday,10,2021,3240686,56,1527543,68,24144,81,952876,103,154572,49,126815,44,7386,41
10/15/2021,Friday,10,2021,3227068,56,1491099,66,23251,78,990940,107,150932,48,124654,43,6786,38
10/16/2021,Saturday,10,2021,2042027,61,856990,62,13307,75,896392,95,83415,74,74913,49,2369,52
10/17/2021,Sunday,10,2021,1629991,66,663944,66,12564,68,891527,106,74826,82,69729,66,1853,49
10/18/2021,Monday,10,2021,2982883,52,1461843,65,21454,72,889996,96,153681,49,127381,44,6810,38
10/19/2021,Tuesday,10,2021,3178208,55,1510722,67,23403,79,899389,97,153382,49,129993,45,7250,41
10/20/2021,Wednesday,10,2021,3234327,56,1525608,68,24474,82,916246,99,155242,49,131127,45,7148,40
10/21/2021,Thursday,10,2021,3267697,57,1476434,65,24007,81,948652,102,149850,48,127259,44,7498,42
10/22/2021,Friday,10,2021,3225816,56,1471199,65,22843,77,986548,106,145810,46,126554,44,6297,35
10/23/2021,Saturday,10,2021,2077488,62,847596,61,13556,77,914737,97,74720,66,82865,54,2243,49
10/24/2021,Sunday,10,2021,1599927,65,659283,66,12314,67,883371,105,69611,76,68154,65,1908,51
10/25/2021,Monday,10,2021,2994936,52,1461023,65,21724,73,883887,95,158330,50,125755,43,7026,39
10/26/2021,Tuesday,10,2021,2702635,47,1233660,55,21220,71,738636,80,130109,41,104517,36,5278,30
10/27/2021,Wednesday,10,2021,3300580,57,1503535,67,24144,81,914494,99,155865,50,129881,45,7054,40
10/28/2021,Thursday,10,2021,3365971,59,1515489,67,24814,83,959835,103,159574,51,132170,45,7605,43
10/29/2021,Friday,10,2021,3251779,57,1426938,63,22477,75,963442,104,153317,49,122632,42,6597,37
10/30/2021,Saturday,10,2021,2044310,61,819620,59,12642,72,854656,90,76471,67,69281,45,2177,48
10/31/2021,Sunday,10,2021,1746769,71,656203,66,12233,67,824978,98,68674,75,66300,63,1910,51
11/1/2021,Monday,11,2021,3034306,54,1448304,66,21387,69,898451,95,158356,48,131251,46,6783,40
11/2/2021,Tuesday,11,2021,2848222,51,1258180,57,22016,71,853432,90,147832,45,129297,45,5679,33
11/3/2021,Wednesday,11,2021,3293732,58,1507287,69,23349,75,901230,96,154203,47,130954,46,7371,43
11/4/2021,Thursday,11,2021,3284315,58,1486942,68,24009,77,931012,99,151353,46,126533,44,7210,42
11/5/2021,Friday,11,2021,3293438,58,1457014,67,23009,74,966007,102,150227,46,121824,43,6769,40
11/6/2021,Saturday,11,2021,2195864,69,864499,66,13672,81,910587,100,84943,74,80784,53,2410,70
11/7/2021,Sunday,11,2021,1888985,75,614513,62,10647,57,780686,95,81181,86,72175,69,2978,97
11/8/2021,Monday,11,2021,3065533,54,1461178,67,22136,71,889544,94,159723,49,131127,46,6921,41
11/9/2021,Tuesday,11,2021,3279457,58,1518264,69,24504,78,898518,95,157181,48,134070,47,7677,45
11/10/2021,Wednesday,11,2021,3351992,59,1514453,69,24608,79,926005,98,159254,48,134400,47,7445,44
11/11/2021,Thursday,11,2021,2922235,116,1198235,120,19846,105,895643,109,143386,152,122940,118,5493,179
11/12/2021,Friday,11,2021,3158682,56,1350608,62,21598,69,919941,98,141671,43,117650,41,6082,36
11/13/2021,Saturday,11,2021,2169863,69,815114,62,13124,77,869112,96,80829,70,74296,49,2286,66
11/14/2021,Sunday,11,2021,1703136,68,657129,66,12460,66,858311,104,72488,77,62856,60,1772,58
11/15/2021,Monday,11,2021,3110969,55,1437414,66,22208,71,890524,94,160952,49,132234,46,6792,40
11/16/2021,Tuesday,11,2021,3340844,59,1492110,68,23694,76,902386,96,161362,49,137235,48,7472,44
11/17/2021,Wednesday,11,2021,3369069,60,1501740,69,24396,78,915266,97,158372,48,131113,46,7453,44
11/18/2021,Thursday,11,2021,3412249,61,1505488,69,24071,77,959226,102,157433,48,132632,46,7511,44
11/19/2021,Friday,11,2021,3316999,59,1429787,65,22662,73,987149,105,151795,46,127093,44,6842,40
11/20/2021,Saturday,11,2021,2135731,68,861772,65,13195,78,915131,101,94412,82,82894,55,2367,68
11/21/2021,Sunday,11,2021,1674206,66,674551,68,12774,68,841901,102,80467,85,66859,64,1827,60
11/22/2021,Monday,11,2021,3130363,56,1418226,65,21441,69,901942,96,156874,48,127776,45,6896,41
11/23/2021,Tuesday,11,2021,3286591,58,1424890,65,22574,72,989345,105,162241,49,136562,48,7194,42
11/24/2021,Wednesday,11,2021,3085289,55,1343391,61,21002,67,992568,105,165349,50,139391,49,6589,39
11/25/2021,Thursday,11,2021,1357198,54,509782,51,15459,82,861084,105,125417,133,69945,67,1990,65
11/26/2021,Friday,11,2021,2089772,83,843588,85,11077,59,789915,96,128452,136,108747,104,3205,104
11/27/2021,Saturday,11,2021,1880422,60,750986,57,10620,63,850980,94,83676,73,76112,50,2216,64
11/28/2021,Sunday,11,2021,1465745,58,592081,59,10481,56,825585,100,75197,80,65128,63,1669,54
11/29/2021,Monday,11,2021,2996015,53,1381661,63,21124,68,900399,95,166154,51,132498,46,6692,39
11/30/2021,Tuesday,11,2021,3207209,57,1432539,65,22469,72,897216,95,166738,51,136630,48,7124,42
12/1/2021,Wednesday,12,2021,3326469,62,1463384,73,23347,80,899319,102,163163,52,136126,49,7266,47
12/2/2021,Thursday,12,2021,3358843,63,1449142,72,22540,77,923179,104,154723,49,127508,46,7290,47
12/3/2021,Friday,12,2021,3374097,63,1419078,71,22518,77,940827,106,144500,46,119424,43,6442,41
12/4/2021,Saturday,12,2021,2318147,70,864764,68,13317,77,864918,98,91477,71,81392,52,56,1
12/5/2021,Sunday,12,2021,1737352,68,665129,68,12541,70,818544,103,72716,68,60526,56,193,6
12/6/2021,Monday,12,2021,3135869,59,1394230,70,21761,75,865595,98,154970,49,127260,46,6687,43
12/7/2021,Tuesday,12,2021,3367790,63,1453136,73,23262,80,883027,100,153749,49,131033,47,7367,47
12/8/2021,Wednesday,12,2021,3378727,63,1430106,71,22691,78,889409,100,156218,49,130222,47,6948,45
12/9/2021,Thursday,12,2021,3433600,64,1436883,72,22743,78,927903,105,154367,49,126159,45,7222,46
12/10/2021,Friday,12,2021,3417451,64,1404176,70,22237,76,962125,109,152524,48,127711,46,6331,41
12/11/2021,Saturday,12,2021,2266265,68,786137,62,13396,78,863814,98,91894,72,81068,52,2291,46
12/12/2021,Sunday,12,2021,1829872,72,627007,64,12189,68,828121,104,80874,76,66471,62,1833,54
12/13/2021,Monday,12,2021,3120850,58,1333718,67,21617,74,874293,99,153387,49,129698,46,6769,43
12/14/2021,Tuesday,12,2021,3274170,61,1378221,69,23042,79,894669,101,154939,49,131812,47,7124,46
12/15/2021,Wednesday,12,2021,3242168,61,1436154,72,23732,81,921048,104,153128,48,129761,47,6908,44
12/16/2021,Thursday,12,2021,3219799,60,1438193,72,23623,81,948535,107,152710,48,126131,45,7043,45
12/17/2021,Friday,12,2021,3112088,58,1375383,69,22539,77,968689,109,146111,46,121037,43,6404,41
12/18/2021,Saturday,12,2021,1880969,57,786073,62,12312,71,832994,94,74306,58,66097,42,1987,40
12/19/2021,Sunday,12,2021,1579809,62,636393,65,12238,69,784051,98,65698,62,56292,52,1694,50
12/20/2021,Monday,12,2021,2716451,51,1277654,64,20318,70,856849,97,132078,42,102695,37,5979,38
12/21/2021,Tuesday,12,2021,2697325,51,1299476,65,21656,74,866595,98,124376,39,97141,35,5772,37
12/22/2021,Wednesday,12,2021,2634565,49,1252621,63,21673,74,878197,99,117678,37,92941,33,5594,36
12/23/2021,Thursday,12,2021,2486489,47,1166953,58,19335,66,899513,102,118388,37,97238,35,5000,32
12/24/2021,Friday,12,2021,1575449,62,746809,76,12009,67,738612,93,97408,91,81055,75,2289,67
12/25/2021,Saturday,12,2021,810937,24,329549,26,9021,52,582582,66,39466,31,31575,20,1008,20
12/26/2021,Sunday,12,2021,1284738,51,518897,53,8744,49,673477,85,56467,53,51478,48,1746,51
12/27/2021,Monday,12,2021,2007649,38,890096,44,14952,51,744547,84,108463,34,89427,32,4026,26
12/28/2021,Tuesday,12,2021,2168419,41,953933,48,16736,57,764364,86,109904,35,89719,32,4372,28
12/29/2021,Wednesday,12,2021,2167077,41,921562,46,16859,58,768653,87,105898,34,92605,33,3996,26
12/30/2021,Thursday,12,2021,2198415,41,928012,46,16177,55,804654,91,110101,35,90827,33,3944,25
12/31/2021,Friday,12,2021,1627589,64,699749,71,11498,64,628305,79,96699,91,85232,79,2270,67
1/1/2022,Saturday,1,2022,1027918,38,350845,29,4904,34,498515,65,33980,35,30341,23,1262,31
1/2/2022,Sunday,1,2022,1219735,58,475096,52,8383,62,624655,92,49155,59,42587,47,1571,57
1/3/2022,Monday,1,2022,2168229,42,1000002,49,16437,58,692740,80,102961,34,83990,31,4515,28
1/4/2022,Tuesday,1,2022,2289352,45,1082360,53,17909,63,733369,84,104247,34,81978,30,4795,29
1/5/2022,Wednesday,1,2022,2267942,44,1078511,53,18861,67,709060,82,98251,33,77579,29,4659,28
1/6/2022,Thursday,1,2022,2391176,46,1146904,56,18672,66,780026,90,103562,34,82567,31,4909,30
1/7/2022,Friday,1,2022,2121941,41,880997,43,14203,50,559774,64,90207,30,73067,27,3628,22
1/8/2022,Saturday,1,2022,1486065,55,631341,53,9126,63,641533,84,51707,53,46428,36,1672,41
1/9/2022,Sunday,1,2022,1102472,53,475438,52,7916,59,567494,83,43383,52,35309,39,1210,44
1/10/2022,Monday,1,2022,2347323,46,1147341,56,18268,65,762712,88,116463,39,90220,34,4954,30
1/11/2022,Tuesday,1,2022,2266378,44,1040581,51,17388,61,753381,87,104378,35,81438,30,4655,28
1/12/2022,Wednesday,1,2022,2459224,48,1179931,58,19679,70,784901,90,111022,37,86050,32,5024,31
1/13/2022,Thursday,1,2022,2524197,49,1218552,60,19918,70,821641,95,112519,37,87672,33,5132,31
1/14/2022,Friday,1,2022,2522972,49,1186647,58,18878,67,866901,100,109199,36,88634,33,4774,29
1/15/2022,Saturday,1,2022,1434676,53,573037,48,9510,66,703293,92,53410,55,45309,35,1449,35
1/16/2022,Sunday,1,2022,1165626,56,456257,50,8545,63,621361,91,43578,53,38025,42,1140,42
1/17/2022,Monday,1,2022,1600048,77,694066,76,8760,65,649397,95,98738,119,44075,49,2190,80
1/18/2022,Tuesday,1,2022,2541044,49,1222195,60,19389,69,815605,94,125615,42,100364,37,5381,33
1/19/2022,Wednesday,1,2022,2642129,51,1286788,63,21111,75,829778,95,121249,40,96281,36,5598,34
1/20/2022,Thursday,1,2022,2545486,49,1181953,58,18616,66,766608,88,112595,37,88196,33,5031,31
1/21/2022,Friday,1,2022,2565781,50,1151816,56,19079,67,864079,99,113474,38,91079,34,4748,29
1/22/2022,Saturday,1,2022,1583650,58,655490,55,10455,72,735629,96,59412,61,53737,41,1642,40
1/23/2022,Sunday,1,2022,1245716,60,529115,58,9446,70,685007,100,48672,59,43647,48,1245,45
1/24/2022,Monday,1,2022,2536827,49,1244112,61,19472,69,791390,91,127750,42,100520,37,5188,32
1/25/2022,Tuesday,1,2022,2701246,53,1308979,64,21233,75,817021,94,124499,41,98859,37,5625,34
1/26/2022,Wednesday,1,2022,2711803,53,1266798,62,21033,74,833936,96,118625,39,96253,36,5197,32
1/27/2022,Thursday,1,2022,2724979,53,1275573,62,20934,74,869615,100,119039,39,95748,36,5271,32
1/28/2022,Friday,1,2022,2703403,53,1208092,59,20115,71,866261,100,120912,40,96409,36,4994,30
1/29/2022,Saturday,1,2022,999347,37,271959,23,5353,37,174348,23,8142,8,22016,17,852,21
1/30/2022,Sunday,1,2022,1262477,60,460299,50,5974,44,506466,74,47852,58,45002,50,1233,45
1/31/2022,Monday,1,2022,2575762,50,1139164,56,18400,65,777628,89,132248,44,109718,41,4968,30
2/1/2022,Tuesday,2,2022,2635083,49,1127084,52,20357,69,804390,91,135255,45,111424,41,4993,31
2/2/2022,Wednesday,2,2022,2940152,54,1314898,61,22427,76,846701,96,140059,46,110996,41,5830,36
2/3/2022,Thursday,2,2022,2914198,54,1304726,61,22325,76,853193,97,126901,42,104093,39,5750,36
2/4/2022,Friday,2,2022,2725725,50,1176367,55,18557,63,781068,88,117899,39,94290,35,5072,31
2/5/2022,Saturday,2,2022,1792780,63,726750,57,11377,70,775134,93,61201,65,61496,47,1835,43
2/6/2022,Sunday,2,2022,1323892,60,558211,57,10621,63,744779,99,51472,66,48395,53,1388,49
2/7/2022,Monday,2,2022,2784230,51,1297024,60,21120,72,809094,92,136455,45,111297,41,5711,35
2/8/2022,Tuesday,2,2022,3016648,56,1387432,64,22667,77,851665,96,141653,47,119190,44,6254,39
2/9/2022,Wednesday,2,2022,3088775,57,1421706,66,23863,81,868057,98,143673,47,115341,43,6297,39
2/10/2022,Thursday,2,2022,3112489,57,1423775,66,23341,79,905812,103,143062,47,115707,43,6362,39
2/11/2022,Friday,2,2022,3015472,56,1348189,63,22608,77,939270,106,131038,43,110674,41,5570,34
2/12/2022,Saturday,2,2022,2026308,71,820629,65,13376,82,867255,104,71709,77,71813,55,2295,54
2/13/2022,Sunday,2,2022,1349864,62,510307,52,10013,59,655107,87,50534,65,46395,51,1322,47
2/14/2022,Monday,2,2022,2907825,54,1272100,59,20812,71,862473,98,142507,47,113260,42,5803,36
2/15/2022,Tuesday,2,2022,3030742,56,1340123,62,21922,74,873240,99,146607,48,119034,44,6447,40
2/16/2022,Wednesday,2,2022,3100639,57,1406714,65,23513,80,875377,99,140431,46,115325,43,6337,39
2/17/2022,Thursday,2,2022,3109956,57,1408571,65,23713,81,911310,103,141226,47,115718,43,6527,40
2/18/2022,Friday,2,2022,2953785,54,1285978,60,21470,73,947650,107,129403,43,112030,42,5677,35
2/19/2022,Saturday,2,2022,1792136,62,723602,57,12171,75,813140,98,64696,69,66545,51,2108,49
2/20/2022,Sunday,2,2022,1477125,67,571789,59,11017,65,768971,102,55015,70,54863,60,1517,54
2/21/2022,Monday,2,2022,1942267,89,873961,89,12500,74,816227,108,109882,141,63892,70,2781,99
2/22/2022,Tuesday,2,2022,2669508,49,1143526,53,19233,65,846877,96,135406,45,112764,42,5767,36
2/23/2022,Wednesday,2,2022,2894245,53,1247209,58,23807,81,892767,101,140229,46,119188,44,6116,38
2/24/2022,Thursday,2,2022,2858146,53,1196924,56,21868,74,911720,103,132496,44,110395,41,5879,36
2/25/2022,Friday,2,2022,2575630,47,1027563,48,18740,64,794852,90,114658,38,90953,34,4544,28
2/26/2022,Saturday,2,2022,1824833,64,775358,61,12226,75,847294,102,71783,77,61573,47,2012,47
2/27/2022,Sunday,2,2022,1403227,64,604646,62,11337,67,802377,106,62913,81,51604,57,1523,54
2/28/2022,Monday,2,2022,2915786,54,1362855,63,21929,75,859177,97,134902,45,118572,44,6170,38
3/1/2022,Tuesday,3,2022,3138181,56,1435834,64,22944,77,873348,95,165769,53,150787,55,6655,42
3/2/2022,Wednesday,3,2022,3208166,58,1463263,65,24289,82,896503,97,159238,51,140945,51,6680,42
3/3/2022,Thursday,3,2022,3207495,58,1434851,64,23800,80,923154,100,152883,49,132506,48,6674,42
3/4/2022,Friday,3,2022,3077537,55,1363159,61,22821,77,957694,104,145518,46,125143,45,5807,36
3/5/2022,Saturday,3,2022,1955535,64,812774,61,13269,78,865292,99,69010,64,70427,52,2116,42
3/6/2022,Sunday,3,2022,1444501,63,600501,60,12557,71,787598,98,53034,61,52874,56,1550,49
3/7/2022,Monday,3,2022,2980920,54,1395540,62,22465,76,861409,93,153907,49,129784,47,6161,39
3/8/2022,Tuesday,3,2022,3244473,58,1456451,65,24076,81,894132,97,158652,51,138811,50,6923,43
3/9/2022,Wednesday,3,2022,3113559,56,1338822,60,23477,79,832720,90,153393,49,129056,47,6200,39
3/10/2022,Thursday,3,2022,3339363,60,1476288,66,24515,82,945191,103,163931,52,140107,51,6914,43
3/11/2022,Friday,3,2022,3195956,57,1419371,63,23736,80,986555,107,158985,51,135371,49,6150,39
3/12/2022,Saturday,3,2022,1663893,54,637601,48,10655,63,669502,77,51679,48,59927,44,1748,35
3/13/2022,Sunday,3,2022,1479406,65,590753,59,11491,65,792377,98,59964,69,57548,61,1524,48
3/14/2022,Monday,3,2022,3008800,54,1406578,63,22480,76,879699,95,159962,51,134093,49,6416,40
3/15/2022,Tuesday,3,2022,3275906,59,1454522,65,24272,82,906028,98,171406,55,146786,53,7287,46
3/16/2022,Wednesday,3,2022,3332335,60,1476356,66,25305,85,914284,99,168768,54,145085,53,7009,44
3/17/2022,Thursday,3,2022,3175784,57,1350810,60,22946,77,888875,96,166884,53,135727,49,6768,42
3/18/2022,Friday,3,2022,3275433,59,1402806,63,24019,81,978491,106,163169,52,137528,50,6288,39
3/19/2022,Saturday,3,2022,2001839,65,820933,62,12877,76,872810,100,74087,69,73974,54,2050,40
3/20/2022,Sunday,3,2022,1656673,72,628693,63,12736,72,879711,109,67551,78,63818,68,1722,55
3/21/2022,Monday,3,2022,3034759,55,1418900,63,22229,75,880846,96,165487,53,134182,49,6367,40
3/22/2022,Tuesday,3,2022,3276940,59,1471299,66,23948,81,891089,97,168328,54,144765,53,7082,44
3/23/2022,Wednesday,3,2022,3275708,59,1438665,64,24574,83,891509,97,161202,51,138873,50,6540,41
3/24/2022,Thursday,3,2022,3212181,58,1373850,61,22998,77,900384,98,162392,52,134129,49,6513,41
3/25/2022,Friday,3,2022,3218970,58,1397899,62,23274,78,967743,105,158528,51,133368,48,6075,38
3/26/2022,Saturday,3,2022,2024596,66,783499,59,13208,78,875353,101,71809,67,73933,54,2154,43
3/27/2022,Sunday,3,2022,1534056,67,628313,63,11809,67,830360,103,64950,75,58044,62,1602,51
3/28/2022,Monday,3,2022,2989874,54,1336330,60,22114,74,868259,94,153222,49,130886,47,6096,38
3/29/2022,Tuesday,3,2022,3291883,59,1430099,64,23981,81,886086,96,163218,52,143870,52,6900,43
3/30/2022,Wednesday,3,2022,3336073,60,1465351,65,24620,83,913063,99,164882,53,143216,52,6920,43
3/31/2022,Thursday,3,2022,3323135,60,1450363,65,24308,82,941530,102,164074,52,139602,51,6890,43
4/1/2022,Friday,4,2022,3237107,58,1411421,65,24017,83,972802,103,145251,47,120557,42,5972,37
4/2/2022,Saturday,4,2022,2128435,67,879513,66,14382,86,893814,98,77205,68,80471,54,2484,49
4/3/2022,Sunday,4,2022,1463932,60,607152,61,12947,69,790600,91,58819,64,53761,52,1419,43
4/4/2022,Monday,4,2022,3127667,56,1447820,66,23746,82,899510,96,159541,51,135920,47,6676,41
4/5/2022,Tuesday,4,2022,3356454,60,1484961,68,24873,86,904813,96,170140,55,150671,53,7089,44
4/6/2022,Wednesday,4,2022,3311547,59,1403198,64,25103,87,890470,95,163830,53,142810,50,6569,40
4/7/2022,Thursday,4,2022,3307076,59,1379678,63,24107,83,901454,96,161276,52,140249,49,6636,41
4/8/2022,Friday,4,2022,3347754,60,1443367,66,24488,85,998348,106,160905,52,140791,49,6342,39
4/9/2022,Saturday,4,2022,2190396,69,868945,65,13969,84,897690,98,81562,71,86611,58,66,1
4/10/2022,Sunday,4,2022,1707748,70,667662,67,13935,75,850153,98,63204,69,66112,64,13,0
4/11/2022,Monday,4,2022,3205728,57,1433226,66,23569,81,901316,96,161131,52,140224,49,6354,39
4/12/2022,Tuesday,4,2022,3078069,55,1496004,68,25286,87,936334,100,172294,56,149369,52,7099,44
4/13/2022,Wednesday,4,2022,3220964,58,1495891,68,25847,89,949712,101,163448,53,147043,51,6593,41
4/14/2022,Thursday,4,2022,3297697,59,1438990,66,25073,87,982717,104,162946,52,144335,50,6381,39
4/15/2022,Friday,4,2022,2761532,50,1137728,52,20908,72,973156,103,166068,53,140217,49,4728,29
4/16/2022,Saturday,4,2022,1986306,63,830874,62,13413,80,885536,97,89011,78,83725,56,2133,42
4/17/2022,Sunday,4,2022,1512633,62,596619,60,14704,79,845418,98,71258,78,71704,70,1640,50
4/18/2022,Monday,4,2022,2676254,48,1145261,52,20245,70,901207,96,154315,50,139151,49,5209,32
4/19/2022,Tuesday,4,2022,2962130,53,1189960,54,22359,77,895086,95,168354,54,151518,53,5841,36
4/20/2022,Wednesday,4,2022,3098046,56,1265823,58,24212,84,942383,100,171730,55,155674,54,6097,38
4/21/2022,Thursday,4,2022,3033422,54,1231047,56,23239,80,920202,98,165823,53,147535,51,5738,35
4/22/2022,Friday,4,2022,2985684,54,1217380,56,22298,77,935779,99,157943,51,145606,51,5340,33
4/23/2022,Saturday,4,2022,2109188,67,844146,63,13459,81,907580,99,79436,70,89804,60,59,1
4/24/2022,Sunday,4,2022,1655860,68,648591,65,12927,69,875218,101,64842,71,67580,66,3,0
4/25/2022,Monday,4,2022,3026541,54,1415638,65,22370,77,883942,94,159569,51,138979,48,6322,39
4/26/2022,Tuesday,4,2022,3281657,59,1453452,66,23800,82,897493,95,172171,55,153893,54,7024,43
4/27/2022,Wednesday,4,2022,3432282,62,1500437,69,25229,87,934481,99,172613,56,153109,53,6903,43
4/28/2022,Thursday,4,2022,3404938,61,1468093,67,24321,84,968651,103,167300,54,146321,51,6765,42
4/29/2022,Friday,4,2022,3257634,58,1429909,65,23421,81,994415,106,164944,53,136881,48,5900,36
4/30/2022,Saturday,4,2022,2108746,67,884540,66,14223,85,938739,103,82887,73,82838,56,2123,41
5/1/2022,Sunday,5,2022,1683953,70,676070,70,12976,76,870826,102,64630,66,62502,60,2694,77
5/2/2022,Monday,5,2022,2732825,48,1176867,52,21695,74,883276,92,146394,46,126784,44,5425,31
5/3/2022,Tuesday,5,2022,3402882,60,1500109,66,24680,84,929868,97,177868,56,155261,54,7400,43
5/4/2022,Wednesday,5,2022,3364902,59,1465639,64,25462,87,921590,96,168539,53,147078,51,6747,39
5/5/2022,Thursday,5,2022,3502522,61,1523580,67,25903,88,982930,102,174640,55,150087,52,7061,41
5/6/2022,Friday,5,2022,3190556,56,1353750,60,23411,80,953902,99,154325,48,129417,45,5729,33
5/7/2022,Saturday,5,2022,1842808,57,706551,51,13033,75,841086,88,72948,62,68612,46,1523,31
5/8/2022,Sunday,5,2022,1582133,66,630228,65,15375,90,891361,105,73703,76,73027,70,1449,41
5/9/2022,Monday,5,2022,3114506,54,1428758,63,22008,75,917036,95,163741,51,140940,49,6564,38
5/10/2022,Tuesday,5,2022,3412902,60,1504314,66,24148,82,933451,97,175823,55,158627,55,7176,41
5/11/2022,Wednesday,5,2022,3440378,60,1514922,67,25548,87,948266,99,178061,56,156792,55,7159,41
5/12/2022,Thursday,5,2022,3430104,60,1495220,66,25158,86,981139,102,169543,53,149204,52,6866,39
5/13/2022,Friday,5,2022,3252002,57,1410923,62,23539,80,998394,104,164843,52,140065,49,6050,35
5/14/2022,Saturday,5,2022,2149046,67,840921,60,13580,78,918398,96,89636,76,86652,58,69,1
5/15/2022,Sunday,5,2022,1760359,74,692876,72,13379,79,908702,107,76052,78,69705,67,5,0
5/16/2022,Monday,5,2022,3080043,54,1396300,61,22187,75,898690,93,163431,51,140702,49,5996,34
5/17/2022,Tuesday,5,2022,3536021,62,1519740,67,24353,83,951399,99,182683,57,162082,57,7259,42
5/18/2022,Wednesday,5,2022,3605606,63,1511142,66,25365,86,982156,102,182181,57,161135,56,6816,39
5/19/2022,Thursday,5,2022,3467327,61,1426027,63,24271,83,983011,102,172517,54,149985,52,6790,39
5/20/2022,Friday,5,2022,3271914,57,1396732,61,23767,81,1011794,105,175666,55,146403,51,6040,35
5/21/2022,Saturday,5,2022,2324245,72,883795,63,14985,87,983575,103,94322,80,92552,61,2530,52
5/22/2022,Sunday,5,2022,1760638,74,683500,71,13279,78,920057,108,78635,81,72063,69,1863,53
5/23/2022,Monday,5,2022,3111755,54,1431781,63,22696,77,943933,98,170546,53,151349,53,6356,37
5/24/2022,Tuesday,5,2022,3378506,59,1488152,65,24560,84,942307,98,182570,57,163943,57,7023,40
5/25/2022,Wednesday,5,2022,3426530,60,1493506,66,25418,86,959442,100,178124,56,158814,55,6862,39
5/26/2022,Thursday,5,2022,3341059,58,1464696,64,24866,85,1001574,104,176469,55,148011,52,6549,38
5/27/2022,Friday,5,2022,3031130,53,1353398,60,22894,78,975898,101,167840,53,135294,47,5737,33
5/28/2022,Saturday,5,2022,1872775,58,788135,56,12805,74,833464,87,91250,77,77192,51,2191,45
5/29/2022,Sunday,5,2022,1755236,73,701173,73,14490,85,891666,105,84784,87,76982,74,2276,65
5/30/2022,Monday,5,2022,1694970,71,755616,78,10771,63,839398,98,80533,83,68206,66,2251,64
5/31/2022,Tuesday,5,2022,3176109,56,1426470,63,23778,81,968335,101,184088,58,163018,57,6634,38
6/1/2022,Wednesday,6,2022,3381297,60,1465383,68,25586,87,943747,96,178742,54,159050,54,7084,44
6/2/2022,Thursday,6,2022,3351902,60,1433303,67,24764,85,959324,98,170537,51,151492,51,6783,42
6/3/2022,Friday,6,2022,3283271,59,1431042,67,24838,85,1002106,102,174500,52,153744,52,6178,38
6/4/2022,Saturday,6,2022,2178024,68,904623,65,14409,83,957009,97,93431,76,92199,58,1844,36
6/5/2022,Sunday,6,2022,1724983,66,691644,64,13955,77,865693,94,75675,77,74005,68,1361,35
6/6/2022,Monday,6,2022,3092181,55,1411725,66,22794,78,892799,91,167062,50,148152,50,6552,40
6/7/2022,Tuesday,6,2022,3392224,60,1440940,67,25256,86,940766,96,185736,56,163756,55,7169,44
6/8/2022,Wednesday,6,2022,3492805,62,1496144,70,26058,89,958676,97,181126,54,162417,55,7114,44
6/9/2022,Thursday,6,2022,3297157,59,1333103,62,25135,86,975009,99,179521,54,157460,53,6430,40
6/10/2022,Friday,6,2022,3376125,60,1435660,67,25437,87,1028117,105,187819,56,159223,54,6304,39
6/11/2022,Saturday,6,2022,2231451,69,870550,62,14776,85,961805,98,117891,96,95108,60,1835,36
6/12/2022,Sunday,6,2022,1674607,64,626471,58,13440,74,883990,96,80792,82,74580,68,1209,31
6/13/2022,Monday,6,2022,3168681,56,1440429,67,23697,81,943626,96,174264,52,150375,51,6608,41
6/14/2022,Tuesday,6,2022,3494822,62,1493761,69,25372,87,954427,97,191198,57,174340,59,7276,45
6/15/2022,Wednesday,6,2022,3526802,63,1478668,69,26904,92,965644,98,192593,58,169462,57,7153,44
6/16/2022,Thursday,6,2022,3409624,61,1397317,65,25856,88,993952,101,190212,57,162513,55,6720,41
6/17/2022,Friday,6,2022,3247379,58,1397243,65,24338,83,1036376,105,187179,56,148590,50,6036,37
6/18/2022,Saturday,6,2022,2186635,68,884050,63,15136,87,987511,100,106091,86,94130,59,2613,52
6/19/2022,Sunday,6,2022,1725762,66,693231,64,15622,86,946443,102,90581,92,80654,74,1903,49
6/20/2022,Monday,6,2022,2460659,94,1077190,99,15440,85,942148,102,167670,170,138080,127,4009,103
6/21/2022,Tuesday,6,2022,3339793,60,1408052,66,25299,86,951906,97,190339,57,172400,58,7183,44
6/22/2022,Wednesday,6,2022,3357113,60,1361456,63,25774,88,937068,95,178850,54,164196,56,6910,43
6/23/2022,Thursday,6,2022,3407485,61,1382605,64,25286,86,1004103,102,188546,57,169144,57,6716,41
6/24/2022,Friday,6,2022,3296412,59,1331442,62,24414,83,1035312,105,187818,56,161647,55,6066,37
6/25/2022,Saturday,6,2022,2286963,71,888953,63,15274,88,994834,101,106000,86,102466,65,50,1
6/26/2022,Sunday,6,2022,2011977,77,696910,64,14574,81,962670,104,102452,104,99103,91,618,16
6/27/2022,Monday,6,2022,2932598,52,1279403,60,22331,76,928436,94,171627,52,149284,50,6260,39
6/28/2022,Tuesday,6,2022,3248338,58,1328144,62,24179,83,960666,98,199956,60,174878,59,6903,43
6/29/2022,Wednesday,6,2022,3249261,58,1325530,62,25392,87,977984,99,191855,58,169146,57,6792,42
6/30/2022,Thursday,6,2022,3151572,56,1300241,60,24651,84,1011864,103,191868,58,158265,54,6407,40
7/1/2022,Friday,7,2022,2827549,54,1221837,59,23983,85,998259,104,151245,48,117791,42,5291,38
7/2/2022,Saturday,7,2022,1847093,65,827668,61,12878,81,823425,89,84481,66,75179,49,2042,40
7/3/2022,Sunday,7,2022,1654774,71,703282,64,14822,90,845877,96,86602,83,73949,70,1909,53
7/4/2022,Monday,7,2022,1608084,69,689986,63,10976,66,772949,87,85709,82,72464,68,2148,60
7/5/2022,Tuesday,7,2022,2802814,53,1246208,60,22800,80,925869,96,169990,54,150170,53,5935,43
7/6/2022,Wednesday,7,2022,3066462,58,1330990,64,25372,89,917894,95,173648,55,153543,54,6448,47
7/7/2022,Thursday,7,2022,3115604,59,1333373,64,25119,89,946553,98,173393,55,151105,53,6463,47
7/8/2022,Friday,7,2022,2902322,55,1249434,60,24108,85,949529,99,163715,52,134620,48,5625,41
7/9/2022,Saturday,7,2022,2061419,73,885289,66,14546,92,917802,99,92765,73,89757,58,2563,50
7/10/2022,Sunday,7,2022,1681041,72,707984,65,14147,86,921110,104,82276,79,71195,67,2016,56
7/11/2022,Monday,7,2022,2876587,54,1312895,63,23255,82,913992,95,167475,53,148113,52,6163,45
7/12/2022,Tuesday,7,2022,3148320,60,1350346,65,24697,87,913137,95,180172,57,164494,58,6780,49
7/13/2022,Wednesday,7,2022,3229387,61,1365172,66,25800,91,944299,98,178413,56,166187,59,6536,47
7/14/2022,Thursday,7,2022,3203104,61,1355975,65,25312,89,977841,102,174794,55,159599,56,6413,47
7/15/2022,Friday,7,2022,3021651,57,1291217,62,24177,85,994183,103,171615,54,148858,53,5527,40
7/16/2022,Saturday,7,2022,2093206,74,859537,64,15226,96,939649,102,101758,80,98156,64,64,1
7/17/2022,Sunday,7,2022,1674922,72,701796,64,13868,84,900361,102,82028,78,80166,76,7,0
7/18/2022,Monday,7,2022,2720012,52,1209240,58,22670,80,877737,91,162178,51,132779,47,5543,40
7/19/2022,Tuesday,7,2022,3169016,60,1372407,66,24933,88,932398,97,180693,57,160294,57,6593,48
7/20/2022,Wednesday,7,2022,3190942,60,1357383,66,25590,90,945289,98,180707,57,156988,55,6167,45
7/21/2022,Thursday,7,2022,3109097,59,1302978,63,24308,86,954280,99,173070,55,150414,53,6166,45
7/22/2022,Friday,7,2022,2942752,56,1267907,61,23926,84,993037,103,174861,55,138068,49,5322,39
7/23/2022,Saturday,7,2022,2028696,72,862976,64,14503,91,945847,102,99341,78,86245,56,32,1
7/24/2022,Sunday,7,2022,1596195,68,674189,61,12751,77,908767,103,82656,79,68265,64,6,0
7/25/2022,Monday,7,2022,2727722,52,1220826,59,22355,79,893016,93,163454,52,140432,50,5692,41
7/26/2022,Tuesday,7,2022,3175001,60,1360570,66,24990,88,942025,98,186182,59,162994,58,6479,47
7/27/2022,Wednesday,7,2022,3232796,61,1369023,66,25759,91,957557,100,185332,59,161241,57,6667,48
7/28/2022,Thursday,7,2022,3151913,60,1332113,64,24413,86,974290,101,173264,55,156936,55,6421,47
7/29/2022,Friday,7,2022,2932846,56,1260714,61,23697,84,979719,102,166723,53,147568,52,5532,40
7/30/2022,Saturday,7,2022,2074421,73,893846,66,15068,95,954809,103,89426,70,96840,63,56,1
7/31/2022,Sunday,7,2022,1649097,71,693700,63,14046,85,929822,105,77991,74,78953,74,3,0
8/1/2022,Monday,8,2022,2739262,53,1240007,61,22892,82,904119,93,151752,49,138431,51,5673,42
8/2/2022,Tuesday,8,2022,3070101,60,1346324,67,24865,89,919127,95,173023,55,158236,58,6452,48
8/3/2022,Wednesday,8,2022,3124038,61,1367848,68,26785,96,947338,97,173751,56,158305,58,6170,46
8/4/2022,Thursday,8,2022,3049076,59,1323229,66,25326,91,976459,100,174491,56,147770,54,5409,40
8/5/2022,Friday,8,2022,2822155,55,1260961,62,23824,85,976443,100,161323,52,129376,47,4754,36
8/6/2022,Saturday,8,2022,1999580,68,865676,63,14893,90,944842,99,95704,72,84495,56,33,1
8/7/2022,Sunday,8,2022,1542311,65,670866,61,14367,80,882525,96,78449,75,66242,64,153,4
8/8/2022,Monday,8,2022,2705428,53,1276524,63,22965,82,926426,95,165363,53,137457,50,5496,41
8/9/2022,Tuesday,8,2022,3013784,59,1308034,65,25056,90,922400,95,173284,55,151624,56,5935,44
8/10/2022,Wednesday,8,2022,3134434,61,1347916,67,26098,93,948711,98,178656,57,147931,54,6117,46
8/11/2022,Thursday,8,2022,3093548,60,1315101,65,25553,91,966856,99,171390,55,146019,54,5842,44
8/12/2022,Friday,8,2022,2963913,58,1273620,63,24849,89,996504,103,175220,56,137578,50,5422,41
8/13/2022,Saturday,8,2022,2089217,71,878499,64,15889,96,953867,100,103227,77,89569,59,1632,35
8/14/2022,Sunday,8,2022,1677803,70,692644,63,14492,81,931953,101,88242,85,72900,70,1339,37
8/15/2022,Monday,8,2022,2768347,54,1234308,61,23199,83,921408,95,161519,52,144170,53,5395,40
8/16/2022,Tuesday,8,2022,3045892,59,1288800,64,24994,89,919835,95,173651,56,157888,58,6228,47
8/17/2022,Wednesday,8,2022,3074027,60,1284966,64,25904,93,935484,96,172248,55,155815,57,6080,45
8/18/2022,Thursday,8,2022,3077928,60,1283965,64,25701,92,982598,101,181136,58,150643,55,5834,44
8/19/2022,Friday,8,2022,2918737,57,1239929,61,24141,86,995590,102,164682,53,141791,52,5132,38
8/20/2022,Saturday,8,2022,2038622,69,875371,64,15903,96,952947,99,96552,72,97718,64,1699,36
8/21/2022,Sunday,8,2022,1619422,68,692309,63,14617,81,918196,100,84669,81,81666,79,1272,35
8/22/2022,Monday,8,2022,2622885,51,1144254,57,21887,78,884589,91,160918,51,141482,52,5185,39
8/23/2022,Tuesday,8,2022,2992615,58,1261782,63,24448,88,921483,95,173898,56,155953,57,5903,44
8/24/2022,Wednesday,8,2022,3020710,59,1288092,64,25654,92,946975,97,177790,57,151169,55,6036,45
8/25/2022,Thursday,8,2022,3090901,60,1310134,65,24964,89,981024,101,177178,57,142659,52,6122,46
8/26/2022,Friday,8,2022,2863653,56,1217448,60,23417,84,967932,100,171765,55,133306,49,4969,37
8/27/2022,Saturday,8,2022,2066542,70,874084,64,15575,94,977708,102,103192,77,90006,59,2214,47
8/28/2022,Sunday,8,2022,1651689,69,681823,62,14506,81,940460,102,86867,83,76296,73,1816,51
8/29/2022,Monday,8,2022,2836374,55,1263000,63,22503,81,927114,95,180588,58,140540,52,5705,43
8/30/2022,Tuesday,8,2022,3091873,60,1326293,66,24300,87,934163,96,195986,63,152025,56,6228,47
8/31/2022,Wednesday,8,2022,3144027,61,1342568,67,25541,91,972327,100,197154,63,149499,55,6261,47
9/1/2022,Thursday,9,2022,3114667,54,1338287,58,25382,85,997846,105,186311,57,140082,49,6189,36
9/2/2022,Friday,9,2022,2925306,51,1250956,54,24696,83,1006354,106,185153,57,138009,48,5307,31
9/3/2022,Saturday,9,2022,2116811,66,867750,62,15863,93,924383,97,116405,98,94997,62,2455,59
9/4/2022,Sunday,9,2022,1802349,71,701646,64,15428,90,901892,102,97728,98,77386,74,1894,65
9/5/2022,Monday,9,2022,1691887,66,682671,62,9722,57,801463,91,93198,94,74585,71,1977,68
9/6/2022,Tuesday,9,2022,3063503,53,1231759,53,24963,84,892569,94,190260,58,164255,57,6016,35
9/7/2022,Wednesday,9,2022,3444556,60,1412342,61,26773,90,939358,99,203983,62,179628,62,6698,39
9/8/2022,Thursday,9,2022,3644407,63,1517502,65,27121,91,966189,101,199489,61,178788,62,7185,42
9/9/2022,Friday,9,2022,3481756,60,1492297,64,25627,86,1009058,106,189930,58,161197,56,6432,38
9/10/2022,Saturday,9,2022,2356865,73,914744,65,15345,90,982329,103,103789,88,98043,64,1948,47
9/11/2022,Sunday,9,2022,1737251,68,659929,60,14467,84,862493,97,82638,83,72789,69,1275,44
9/12/2022,Monday,9,2022,3382150,59,1519324,65,24947,84,925590,97,187548,57,163430,57,6863,40
9/13/2022,Tuesday,9,2022,3618354,63,1557686,67,26317,89,921108,97,200171,61,180183,62,7552,44
9/14/2022,Wednesday,9,2022,3741978,65,1590666,68,28124,95,954907,100,202713,62,181619,63,7740,45
9/15/2022,Thursday,9,2022,3747731,65,1573907,68,27391,92,981703,103,197284,60,175672,61,7725,45
9/16/2022,Friday,9,2022,3502358,61,1501956,65,26025,88,1015255,107,184424,56,155750,54,6797,40
9/17/2022,Saturday,9,2022,2350888,73,916215,65,15828,92,971118,102,99403,84,101734,67,2693,65
9/18/2022,Sunday,9,2022,1844317,72,712161,65,15588,91,935291,106,86329,87,79158,75,1944,66
9/19/2022,Monday,9,2022,3369999,58,1490926,64,24491,82,909943,96,187831,57,164392,57,7155,42
9/20/2022,Tuesday,9,2022,3767024,65,1554448,67,26148,88,930442,98,203873,62,188771,65,7962,47
9/21/2022,Wednesday,9,2022,3878782,67,1543632,66,27479,93,946181,99,204572,62,188361,65,8112,47
9/22/2022,Thursday,9,2022,3732919,65,1433737,62,26136,88,938754,99,190703,58,174952,61,7883,46
9/23/2022,Friday,9,2022,3626482,63,1413234,61,25738,87,981726,103,190670,58,168866,59,6902,40
9/24/2022,Saturday,9,2022,2377091,74,860948,61,15593,91,944900,99,98192,83,115822,76,1975,48
9/25/2022,Sunday,9,2022,1759832,69,660871,60,14770,86,861534,97,81212,82,87366,83,1582,54
9/26/2022,Monday,9,2022,2812853,49,1206954,52,21532,73,868980,91,177235,54,153930,53,5848,34
9/27/2022,Tuesday,9,2022,3204114,56,1290217,56,24344,82,886658,93,192275,59,176941,61,6744,39
9/28/2022,Wednesday,9,2022,3712354,64,1541900,66,27423,92,930967,98,201525,62,179234,62,7903,46
9/29/2022,Thursday,9,2022,3707751,64,1503472,65,26857,90,960265,101,194288,59,173138,60,7738,45
9/30/2022,Friday,9,2022,3503239,61,1477082,64,26614,90,997765,105,181549,55,164028,57,6623,39
10/1/2022,Saturday,10,2022,2032983,61,758826,55,13718,78,820869,87,72081,64,80394,53,1855,41
10/2/2022,Sunday,10,2022,1621851,66,591909,59,13897,76,793492,94,61918,68,68450,65,1302,34
10/3/2022,Monday,10,2022,3370048,59,1426633,63,25390,85,880633,95,173268,55,153913,53,6824,38
10/4/2022,Tuesday,10,2022,3397689,59,1354099,60,25282,85,833631,90,181887,58,166868,57,6825,38
10/5/2022,Wednesday,10,2022,3077346,54,1206674,54,24305,82,816200,88,176091,56,158117,54,6012,34
10/6/2022,Thursday,10,2022,3848909,67,1554806,69,28527,96,981805,106,203783,65,182247,63,7907,44
10/7/2022,Friday,10,2022,3591080,62,1480214,66,26725,90,1018633,110,204261,65,166955,57,6865,38
10/8/2022,Saturday,10,2022,2397249,72,888506,64,15448,87,965140,102,114687,101,110122,72,1975,43
10/9/2022,Sunday,10,2022,1917721,78,691656,69,14776,80,911141,108,97984,108,88783,84,2200,58
10/10/2022,Monday,10,2022,2556722,44,1034288,46,17806,60,845129,91,163310,52,152488,52,4220,24
10/11/2022,Tuesday,10,2022,3649405,63,1521587,68,26435,89,899509,97,203885,65,192887,66,7841,44
10/12/2022,Wednesday,10,2022,3776129,66,1554226,69,28193,95,945786,102,203866,65,185488,64,7820,44
10/13/2022,Thursday,10,2022,3682799,64,1463795,65,26422,89,935038,101,195360,62,173174,60,7593,43
10/14/2022,Friday,10,2022,3578772,62,1468602,65,26877,90,1000719,108,186594,59,170188,59,6877,39
10/15/2022,Saturday,10,2022,2363501,71,914771,66,15945,90,964859,102,100804,89,108230,71,1897,42
10/16/2022,Sunday,10,2022,1773903,72,705073,70,15338,84,898969,106,80395,88,85438,81,1385,37
10/17/2022,Monday,10,2022,3314497,58,1430672,63,24045,81,860596,93,182855,58,170716,59,6952,39
10/18/2022,Tuesday,10,2022,3693627,64,1510826,67,26135,88,894481,96,199026,63,191540,66,7917,44
10/19/2022,Wednesday,10,2022,3814404,66,1545140,69,28002,94,916246,99,202921,65,185202,64,7934,44
10/20/2022,Thursday,10,2022,3810901,66,1532692,68,27649,93,970479,105,201886,64,180234,62,7784,44
10/21/2022,Friday,10,2022,3570334,62,1452280,64,26385,89,997993,108,185797,59,166539,57,6848,38
10/22/2022,Saturday,10,2022,2430406,73,916539,66,15832,90,970862,103,97921,86,122863,81,90,2
10/23/2022,Sunday,10,2022,1740520,71,668183,67,14434,79,872119,103,76024,83,83665,80,19,1
10/24/2022,Monday,10,2022,3357840,58,1432728,64,24643,83,887372,96,182390,58,161772,56,6929,39
10/25/2022,Tuesday,10,2022,3712582,65,1512725,67,27080,91,903935,97,200671,64,183507,63,7864,44
10/26/2022,Wednesday,10,2022,3794534,66,1539557,68,27891,94,932571,100,201843,64,181254,62,7978,45
10/27/2022,Thursday,10,2022,3892985,68,1543031,68,28035,94,971657,105,196789,63,179032,62,7848,44
10/28/2022,Friday,10,2022,3624748,63,1455834,65,26237,88,992291,107,179633,57,159109,55,6647,37
10/29/2022,Saturday,10,2022,2440601,73,912721,66,15778,89,949043,100,86888,77,102975,68,42,1
10/30/2022,Sunday,10,2022,1875953,76,711004,71,15324,83,903170,107,69358,76,80576,77,5,0
10/31/2022,Monday,10,2022,3410892,59,1394453,62,24178,81,862337,93,177547,56,157055,54,6759,38
11/1/2022,Tuesday,11,2022,3706707,66,1501329,69,26993,86,911552,97,196102,60,178425,62,7756,46
11/2/2022,Wednesday,11,2022,3788123,67,1549724,71,28493,91,918835,97,198277,60,181158,63,7788,46
11/3/2022,Thursday,11,2022,3802455,67,1521975,70,28364,91,941513,100,197940,60,178498,62,7676,45
11/4/2022,Friday,11,2022,3586358,64,1459619,67,27340,88,975347,103,180084,55,161378,56,6813,40
11/5/2022,Saturday,11,2022,2449943,78,918127,70,16790,99,940206,103,96845,84,110793,73,2628,76
11/6/2022,Sunday,11,2022,2116063,84,648085,65,13926,74,779295,95,92648,98,94517,91,3122,102
11/7/2022,Monday,11,2022,3456868,61,1478731,68,26193,84,901997,96,190295,58,168401,59,7365,43
11/8/2022,Tuesday,11,2022,3431700,61,1356894,62,25939,83,888462,94,201028,61,183142,64,6463,38
11/9/2022,Wednesday,11,2022,3772030,67,1517250,69,28589,92,921392,98,199030,61,180581,63,7722,45
11/10/2022,Thursday,11,2022,3802230,67,1516812,69,28385,91,976695,104,203722,62,180584,63,7749,46
11/11/2022,Friday,11,2022,2994708,119,1077574,108,20634,110,870209,106,172756,183,154511,148,4558,149
11/12/2022,Saturday,11,2022,2431419,77,893837,68,15153,89,889070,98,94911,82,106101,70,2262,65
11/13/2022,Sunday,11,2022,1794024,71,662034,66,15544,83,859975,104,76869,81,76460,73,1658,54
11/14/2022,Monday,11,2022,3401075,60,1441705,66,25728,82,889804,94,181582,55,165573,58,7135,42
11/15/2022,Tuesday,11,2022,3713627,66,1483782,68,28155,90,903257,96,196179,60,182790,64,7776,46
11/16/2022,Wednesday,11,2022,3751773,67,1484607,68,28574,92,912685,97,194893,59,179233,63,7589,45
11/17/2022,Thursday,11,2022,3797815,67,1493119,68,28778,92,962670,102,193797,59,178147,62,7633,45
11/18/2022,Friday,11,2022,3539202,63,1412974,65,27236,87,981421,104,183576,56,161777,57,6546,38
11/19/2022,Saturday,11,2022,2323449,74,864766,66,16076,95,929687,102,97654,85,101076,67,1630,47
11/20/2022,Sunday,11,2022,1721187,68,645986,65,15556,83,830876,101,74524,79,74870,72,1079,35
11/21/2022,Monday,11,2022,3363626,60,1393031,64,25766,83,896487,95,185570,57,166517,58,7017,41
11/22/2022,Tuesday,11,2022,3548882,63,1447618,66,27957,90,982740,104,200264,61,183771,64,7462,44
11/23/2022,Wednesday,11,2022,3263998,58,1358016,62,25032,80,983719,104,210438,64,184135,64,6862,40
11/24/2022,Thursday,11,2022,1382266,55,515903,52,18369,98,859064,104,90771,96,90057,87,2006,65
11/25/2022,Friday,11,2022,2058658,82,842892,85,12834,68,766290,93,163354,173,148368,143,3361,110
11/26/2022,Saturday,11,2022,1999608,63,781665,59,12576,74,852829,94,105304,91,106685,71,2286,66
11/27/2022,Sunday,11,2022,1476228,59,562073,56,13063,69,814703,99,79973,85,76680,74,1408,46
11/28/2022,Monday,11,2022,3265971,58,1397963,64,24969,80,904337,96,186710,57,163694,57,7120,42
11/29/2022,Tuesday,11,2022,3596894,64,1455294,66,27009,87,891057,94,192494,59,181370,63,7510,44
11/30/2022,Wednesday,11,2022,3568413,63,1356729,62,26469,85,857882,91,189152,58,177367,62,7204,42
12/1/2022,Thursday,12,2022,3770495,71,1459934,73,27018,93,931376,105,181825,58,166856,60,7538,48
12/2/2022,Friday,12,2022,3600504,67,1395642,70,27007,93,933219,105,172860,55,152746,55,6576,42
12/3/2022,Saturday,12,2022,2291687,69,760109,60,15540,90,815868,92,87730,68,89976,57,1467,30
12/4/2022,Sunday,12,2022,1990479,78,681713,70,15763,88,804122,101,81381,76,80173,75,1266,37
12/5/2022,Monday,12,2022,3481640,65,1429308,71,26409,91,873767,99,183238,58,164873,59,7013,45
12/6/2022,Tuesday,12,2022,3753299,70,1414979,71,27305,94,878388,99,195892,62,178862,64,7447,48
12/7/2022,Wednesday,12,2022,3835333,72,1442871,72,27941,96,899007,101,194436,62,178345,64,7526,48
12/8/2022,Thursday,12,2022,3931499,74,1480877,74,28292,97,948091,107,192958,61,182314,65,7541,48
12/9/2022,Friday,12,2022,3710928,69,1386473,69,26213,90,964167,109,185104,59,165147,59,6379,41
12/10/2022,Saturday,12,2022,2663493,80,869320,69,16232,94,900034,102,112142,88,119858,76,1873,38
12/11/2022,Sunday,12,2022,1865579,73,618870,63,14949,84,777867,98,77607,73,74273,69,1103,32
12/12/2022,Monday,12,2022,3466978,65,1384864,69,25771,88,876300,99,182973,58,163516,59,6838,44
12/13/2022,Tuesday,12,2022,3763568,70,1437228,72,28234,97,908198,103,197613,63,183214,66,7570,49
12/14/2022,Wednesday,12,2022,3777173,71,1435020,72,29081,100,940858,106,196921,62,183484,66,7400,47
12/15/2022,Thursday,12,2022,3726154,70,1363160,68,27034,93,931870,105,191261,61,173709,62,7001,45
12/16/2022,Friday,12,2022,3270016,61,1221634,61,24074,83,917332,104,170615,54,151244,54,5823,37
12/17/2022,Saturday,12,2022,2577771,78,884283,70,16788,97,933667,106,114272,89,123286,78,2071,42
12/18/2022,Sunday,12,2022,1967199,77,668994,68,16036,90,842911,106,87146,82,87425,81,1487,44
12/19/2022,Monday,12,2022,3381411,63,1352455,68,25529,88,886717,100,178278,56,159383,57,6591,42
12/20/2022,Tuesday,12,2022,3586084,67,1398728,70,27148,93,923333,104,191991,61,173346,62,7046,45
12/21/2022,Wednesday,12,2022,3563236,67,1393290,70,28480,98,953676,108,191684,61,168379,60,6993,45
12/22/2022,Thursday,12,2022,3187083,60,1269330,63,25244,87,936662,106,177675,56,147366,53,5728,37
12/23/2022,Friday,12,2022,2738016,51,1057686,53,20359,70,812831,92,163716,52,138857,50,4523,29
12/24/2022,Saturday,12,2022,1411469,43,497129,39,12759,74,746316,84,61701,48,60373,38,1304,26
12/25/2022,Sunday,12,2022,1008452,40,321245,33,13709,77,730783,92,51896,49,47454,44,1005,30
12/26/2022,Monday,12,2022,1812842,71,644828,66,9327,52,764686,96,87401,82,89137,83,2214,65
12/27/2022,Tuesday,12,2022,2729514,51,1027687,51,21363,73,881989,100,178880,57,156503,56,5228,34
12/28/2022,Wednesday,12,2022,2947028,55,1088279,54,23571,81,891790,101,182226,58,163499,59,5407,35
12/29/2022,Thursday,12,2022,3039432,57,1099513,55,23200,80,916565,103,189075,60,167129,60,5597,36
12/30/2022,Friday,12,2022,3063480,57,1087122,54,22951,79,926881,105,193989,61,176215,63,5338,34
12/31/2022,Saturday,12,2022,1927101,58,651474,51,14090,82,686434,78,81590,64,81198,52,1847,37
1/1/2023,Sunday,1,2023,1675507,80,475226,52,11476,85,737533,108,67722,82,66309,73,1771,65
1/2/2023,Monday,1,2023,1938154,93,739507,81,10136,75,692984,102,76247,92,72403,80,2671,98
1/3/2023,Tuesday,1,2023,3175777,62,1268913,62,24868,88,815532,94,179109,59,167136,62,6853,42
1/4/2023,Wednesday,1,2023,3413052,66,1391449,68,26848,95,839120,97,182834,61,170847,63,7282,44
1/5/2023,Thursday,1,2023,3428520,67,1378698,67,26808,95,859218,99,175278,58,166642,62,7042,43
1/6/2023,Friday,1,2023,3229858,63,1319595,64,25824,91,873654,101,161259,53,142524,53,6050,37
1/7/2023,Saturday,1,2023,2116138,78,806981,67,14828,102,808570,106,87215,90,85244,66,2297,56
1/8/2023,Sunday,1,2023,1610764,77,628612,68,15157,112,739656,108,68647,83,64893,72,1529,56
1/9/2023,Monday,1,2023,3145743,61,1353638,66,24923,88,829372,95,173594,57,157335,58,6629,40
1/10/2023,Tuesday,1,2023,3469177,67,1412543,69,27309,97,859974,99,196817,65,179530,67,7414,45
1/11/2023,Wednesday,1,2023,3508962,68,1421914,69,27991,99,864282,99,188904,63,174349,65,7166,44
1/12/2023,Thursday,1,2023,3472709,68,1364715,67,27119,96,881579,101,188850,62,168701,63,7150,44
1/13/2023,Friday,1,2023,3270020,64,1345748,66,26085,92,922864,106,167475,55,147885,55,6042,37
1/14/2023,Saturday,1,2023,2072387,77,785952,66,15407,106,817979,107,84718,87,83565,64,2059,50
1/15/2023,Sunday,1,2023,1705804,82,621041,68,15198,113,757778,111,72479,88,70493,78,1510,55
1/16/2023,Monday,1,2023,2172218,104,884152,96,14617,108,812347,119,82416,100,75892,84,3140,115
1/17/2023,Tuesday,1,2023,3451604,67,1399573,68,27214,96,870650,100,193345,64,183674,68,7492,46
1/18/2023,Wednesday,1,2023,3603344,70,1449590,71,29223,103,877542,101,198264,66,182209,68,7488,46
1/19/2023,Thursday,1,2023,3492226,68,1327804,65,26737,95,862336,99,179752,59,170122,63,6925,42
1/20/2023,Friday,1,2023,3375887,66,1383181,68,26548,94,915022,105,173943,58,150003,56,6192,38
1/21/2023,Saturday,1,2023,2137169,79,823236,69,15580,107,826850,108,88435,91,84763,65,2058,50
1/22/2023,Sunday,1,2023,1593386,76,611151,67,14721,109,744230,109,64883,78,61728,68,1479,54
1/23/2023,Monday,1,2023,3135214,61,1281037,63,25087,89,809261,93,172927,57,155439,58,6210,38
1/24/2023,Tuesday,1,2023,3566756,69,1410676,69,27701,98,863886,99,196319,65,182127,68,7335,45
1/25/2023,Wednesday,1,2023,3511071,68,1342717,66,26738,95,815210,94,188247,62,171748,64,6937,42
1/26/2023,Thursday,1,2023,3629029,71,1408545,69,27061,96,890830,103,190219,63,173696,65,7093,43
1/27/2023,Friday,1,2023,3335372,65,1341589,66,26826,95,920095,106,178881,59,149763,56,6051,37
1/28/2023,Saturday,1,2023,2248107,83,861680,72,15577,107,841863,110,98609,101,89845,69,2333,57
1/29/2023,Sunday,1,2023,1637398,78,647923,71,15371,114,764625,112,73109,88,65422,72,1694,62
1/30/2023,Monday,1,2023,3223530,63,1371537,67,25676,91,850406,98,180476,60,159176,59,6624,40
1/31/2023,Tuesday,1,2023,3654404,71,1365926,67,27308,97,852930,98,198755,66,183484,68,7593,46
2/1/2023,Wednesday,2,2023,3682758,68,1460146,68,28492,97,868518,98,184043,61,169846,63,7588,47
2/2/2023,Thursday,2,2023,3699932,68,1478477,69,27917,95,894790,101,187799,62,169864,63,7457,46
2/3/2023,Friday,2,2023,3189550,59,1246821,58,26238,89,887417,100,158579,52,135908,50,5819,36
2/4/2023,Saturday,2,2023,1742435,61,598818,47,13439,83,737000,89,69433,74,64032,49,1555,36
2/5/2023,Sunday,2,2023,1625375,74,650623,67,15413,91,758529,101,69379,89,62639,69,1522,54
2/6/2023,Monday,2,2023,3372445,62,1431232,67,26639,91,849008,96,181320,60,157813,59,7068,44
2/7/2023,Tuesday,2,2023,3738539,69,1491417,69,28688,97,867827,98,201438,67,183389,68,7736,48
2/8/2023,Wednesday,2,2023,3780682,70,1513135,70,29653,101,884755,100,197370,65,180852,67,7647,47
2/9/2023,Thursday,2,2023,3754859,69,1462622,68,28515,97,909007,103,193326,64,172507,64,7403,46
2/10/2023,Friday,2,2023,3539529,65,1422781,66,28094,95,947991,107,179637,59,154760,57,6477,40
2/11/2023,Saturday,2,2023,2333625,81,865782,68,16638,102,865505,104,94434,101,88281,67,1615,38
2/12/2023,Sunday,2,2023,1746099,80,659496,68,16305,97,749533,99,67457,86,63383,69,1227,44
2/13/2023,Monday,2,2023,3303337,61,1381524,64,25900,88,854394,97,180002,59,159741,59,6188,38
2/14/2023,Tuesday,2,2023,3812943,70,1480867,69,29001,99,897813,102,200327,66,179811,67,7557,47
2/15/2023,Wednesday,2,2023,3762817,69,1499155,70,29119,99,904926,102,197344,65,181992,68,7491,46
2/16/2023,Thursday,2,2023,3683782,68,1461093,68,28364,96,915758,104,189802,63,172189,64,7318,45
2/17/2023,Friday,2,2023,3253165,60,1315466,61,26759,91,936689,106,172113,57,150151,56,5892,36
2/18/2023,Saturday,2,2023,2271106,79,822505,65,15612,96,860646,103,91478,98,93213,71,1266,30
2/19/2023,Sunday,2,2023,1824136,83,639980,66,16165,96,784650,104,75448,97,75064,82,959,34
2/20/2023,Monday,2,2023,2238557,102,929439,95,14818,88,809578,107,90371,116,79984,88,1547,55
2/21/2023,Tuesday,2,2023,3325542,61,1273578,59,27224,93,864047,98,194967,64,174283,65,6525,40
2/22/2023,Wednesday,2,2023,3454362,64,1305744,61,27895,95,869960,98,193753,64,171187,64,6538,40
2/23/2023,Thursday,2,2023,3498367,64,1328927,62,27336,93,906322,103,188438,62,167193,62,6695,41
2/24/2023,Friday,2,2023,3246699,60,1246797,58,26077,89,928057,105,179793,59,153058,57,5551,34
2/25/2023,Saturday,2,2023,2043635,71,800947,63,15461,95,831613,100,86403,92,81742,62,1396,33
2/26/2023,Sunday,2,2023,1625191,74,676041,69,15891,94,807475,107,74226,95,67702,74,1095,39
2/27/2023,Monday,2,2023,3337916,62,1423292,66,26730,91,854625,97,180277,60,160346,60,6752,42
2/28/2023,Tuesday,2,2023,3412079,63,1349173,63,26116,89,751643,85,177532,59,139326,52,6690,41
3/1/2023,Wednesday,3,2023,3780713,68,1511792,67,29449,99,901530,98,192142,61,176661,64,7403,46
3/2/2023,Thursday,3,2023,3765925,68,1493623,67,28978,97,934427,101,195243,62,176678,64,7434,47
3/3/2023,Friday,3,2023,3481830,63,1417670,63,27298,92,933992,101,172623,55,150603,55,6167,39
3/4/2023,Saturday,3,2023,2173217,71,870341,65,16263,96,844751,97,96720,90,84352,62,1449,29
3/5/2023,Sunday,3,2023,1772121,77,712408,72,16956,96,831376,103,81079,93,72918,77,1215,39
3/6/2023,Monday,3,2023,3427019,62,1460599,65,27550,93,875696,95,185896,59,163314,59,6849,43
3/7/2023,Tuesday,3,2023,3773780,68,1490272,66,28417,96,887227,96,205559,66,186615,68,7607,48
3/8/2023,Wednesday,3,2023,3842861,69,1514182,68,30476,102,918426,100,203258,65,186940,68,7452,47
3/9/2023,Thursday,3,2023,3827656,69,1515155,68,29847,100,944406,102,201711,64,186197,68,7211,45
3/10/2023,Friday,3,2023,3502339,63,1408909,63,28209,95,964271,105,182873,58,160550,58,6135,38
3/11/2023,Saturday,3,2023,2230530,73,821990,62,15493,91,842108,97,78979,73,88667,65,1796,35
3/12/2023,Sunday,3,2023,1773585,77,686039,69,16644,94,832873,103,75970,88,70403,75,1547,49
3/13/2023,Monday,3,2023,3352388,60,1377045,61,26027,88,852961,93,179787,57,157310,57,6358,40
3/14/2023,Tuesday,3,2023,3577250,64,1360497,61,26262,88,775384,84,189402,60,159031,58,6866,43
3/15/2023,Wednesday,3,2023,3912366,70,1493605,67,29687,100,916918,100,205092,65,187128,68,7473,47
3/16/2023,Thursday,3,2023,3949788,71,1522248,68,30151,101,976134,106,209838,67,187573,68,7562,47
3/17/2023,Friday,3,2023,3661519,66,1408472,63,28094,94,965113,105,199191,64,171443,62,6790,43
3/18/2023,Saturday,3,2023,2417873,79,921569,69,16828,99,924274,106,102021,95,101788,75,1839,36
3/19/2023,Sunday,3,2023,1894476,83,661736,67,16471,93,880371,109,82032,95,72936,77,1247,40
3/20/2023,Monday,3,2023,3442589,62,1444823,64,26951,91,896248,97,191367,61,167256,61,6895,43
3/21/2023,Tuesday,3,2023,3801084,68,1511670,67,29466,99,918684,100,213026,68,189925,69,7850,49
3/22/2023,Wednesday,3,2023,3797399,68,1509096,67,29999,101,920292,100,202826,65,184321,67,7589,48
3/23/2023,Thursday,3,2023,3774396,68,1466839,65,29189,98,934634,101,200870,64,177877,65,7208,45
3/24/2023,Friday,3,2023,3534300,63,1420346,63,27883,94,959147,104,188352,60,159574,58,6133,38
3/25/2023,Saturday,3,2023,2153554,70,784068,59,15556,92,830547,95,89101,83,82702,61,1765,35
3/26/2023,Sunday,3,2023,1939984,85,724870,73,16878,96,871824,108,83054,96,81819,87,1648,52
3/27/2023,Monday,3,2023,3397258,61,1426226,64,26394,89,885237,96,192461,61,166543,60,6675,42
3/28/2023,Tuesday,3,2023,3765920,68,1490842,67,28923,97,894984,97,207837,66,189294,69,7541,47
3/29/2023,Wednesday,3,2023,3872948,70,1521968,68,29771,100,922903,100,208736,67,187520,68,7825,49
3/30/2023,Thursday,3,2023,3860289,69,1486845,66,29363,99,957635,104,200601,64,187344,68,7512,47
3/31/2023,Friday,3,2023,3573735,64,1423686,64,28599,96,977962,106,184342,59,158879,58,6426,40
4/1/2023,Saturday,4,2023,2283533,72,842213,63,16428,98,856286,94,82140,72,88096,59,1520,30
4/2/2023,Sunday,4,2023,1949665,80,716880,72,17660,95,855422,99,76059,83,79027,77,1319,40
4/3/2023,Monday,4,2023,3597785,65,1475017,67,27387,95,899177,96,182947,59,162370,57,7076,44
4/4/2023,Tuesday,4,2023,3906882,70,1519740,70,29698,103,913561,97,200063,64,188769,66,7633,47
4/5/2023,Wednesday,4,2023,3799965,68,1432322,66,29462,102,938533,100,205060,66,185283,65,7163,44
4/6/2023,Thursday,4,2023,3421271,61,1264311,58,27061,94,914933,97,193340,62,169192,59,6122,38
4/7/2023,Friday,4,2023,3130675,56,1150222,53,23831,82,900772,96,187800,60,159262,56,4925,30
4/8/2023,Saturday,4,2023,2393347,76,882727,66,16256,97,872566,96,108740,95,99273,67,2393,47
4/9/2023,Sunday,4,2023,1855826,76,654259,66,19026,102,904505,104,98030,107,85620,83,1916,59
4/10/2023,Monday,4,2023,3142740,56,1236634,57,24135,83,922582,98,191412,62,170713,60,6121,38
4/11/2023,Tuesday,4,2023,3537843,63,1316710,60,27777,96,895251,95,210828,68,193831,68,7081,44
4/12/2023,Wednesday,4,2023,3576687,64,1311418,60,28326,98,890891,95,207802,67,191574,67,6863,42
4/13/2023,Thursday,4,2023,3628304,65,1311906,60,28451,98,939226,100,200072,64,183658,64,6668,41
4/14/2023,Friday,4,2023,3471420,62,1294357,59,27514,95,989052,105,190858,61,173790,61,5869,36
4/15/2023,Saturday,4,2023,2365464,75,890050,67,16804,101,916008,100,99793,87,103902,70,1743,34
4/16/2023,Sunday,4,2023,1864753,77,728462,73,16835,90,881923,102,80318,88,85026,83,1309,40
4/17/2023,Monday,4,2023,3418834,61,1438043,66,27611,95,897271,95,188445,61,167759,58,6926,43
4/18/2023,Tuesday,4,2023,3862133,69,1526133,70,29658,103,929653,99,207882,67,194548,68,7879,49
4/19/2023,Wednesday,4,2023,3927706,70,1530452,70,30829,107,952981,101,206116,66,195085,68,7889,49
4/20/2023,Thursday,4,2023,4002433,72,1520258,70,30106,104,1014633,108,208664,67,189699,66,7577,47
4/21/2023,Friday,4,2023,3492257,63,1310737,60,27777,96,994549,106,195442,63,174727,61,6005,37
4/22/2023,Saturday,4,2023,2506140,79,893014,67,16865,101,931077,102,106134,93,106032,71,1715,34
4/23/2023,Sunday,4,2023,1923243,79,673668,68,15947,85,880726,102,87793,96,79003,77,1326,41
4/24/2023,Monday,4,2023,3561262,64,1466762,67,27254,94,911973,97,196593,63,173997,61,7020,43
4/25/2023,Tuesday,4,2023,3956922,71,1529162,70,29504,102,927611,99,216767,70,192115,67,7806,48
4/26/2023,Wednesday,4,2023,3994837,72,1531476,70,30191,104,947254,101,216097,70,191885,67,7758,48
4/27/2023,Thursday,4,2023,3999831,72,1506783,69,29969,104,981809,104,216674,70,184365,64,7564,47
4/28/2023,Friday,4,2023,3703088,66,1424078,65,28306,98,996548,106,195436,63,160861,56,6441,40
4/29/2023,Saturday,4,2023,2179978,69,715608,54,15688,94,832504,91,85167,75,77009,52,1871,37
4/30/2023,Sunday,4,2023,1744098,72,578075,58,15451,83,786171,91,75065,82,65334,63,1355,42
5/1/2023,Monday,5,2023,3664755,64,1465598,64,27445,93,922971,96,188566,59,167178,58,6960,40
5/2/2023,Tuesday,5,2023,3961858,69,1498566,66,29472,100,916459,95,211550,66,197217,69,7749,45
5/3/2023,Wednesday,5,2023,4030601,70,1533714,67,30850,105,940822,98,209450,66,195363,68,7862,45
5/4/2023,Thursday,5,2023,3985001,70,1497427,66,30449,104,966836,100,206323,65,189538,66,7417,43
5/5/2023,Friday,5,2023,3759375,66,1450598,64,28952,98,1011491,105,200675,63,170610,60,6514,37
5/6/2023,Saturday,5,2023,2563102,80,934630,67,18349,106,976630,102,111525,94,103318,69,2584,53
5/7/2023,Sunday,5,2023,2033790,85,705419,73,17822,105,902067,106,92076,94,83007,80,2705,77
5/8/2023,Monday,5,2023,3563340,62,1460932,64,27771,94,935045,97,198056,62,180789,63,7196,41
5/9/2023,Tuesday,5,2023,3925555,69,1524892,67,29923,102,955033,99,221290,69,205069,72,7827,45
5/10/2023,Wednesday,5,2023,4014009,70,1528140,67,31360,107,981586,102,221747,69,203414,71,7998,46
5/11/2023,Thursday,5,2023,4015942,70,1535264,67,30899,105,1016578,106,210683,66,201006,70,7619,44
5/12/2023,Friday,5,2023,3723192,65,1436385,63,29397,100,1043802,108,201367,63,185027,65,6629,38
5/13/2023,Saturday,5,2023,2487178,77,918257,66,18340,106,1008311,105,113810,96,109940,73,1973,41
5/14/2023,Sunday,5,2023,1926966,81,690606,72,20222,119,981015,115,102178,105,101088,97,1654,47
5/15/2023,Monday,5,2023,3553443,62,1440741,63,25892,88,947897,98,201209,63,184909,65,6956,40
5/16/2023,Tuesday,5,2023,4002015,70,1519397,67,29747,101,965091,100,227489,71,207484,72,7930,46
5/17/2023,Wednesday,5,2023,4104786,72,1518546,67,30423,103,985531,102,223059,70,206630,72,7118,41
5/18/2023,Thursday,5,2023,4082154,71,1492657,66,29842,101,1008886,105,218955,69,198433,69,7530,43
5/19/2023,Friday,5,2023,3789929,66,1431269,63,28381,97,1024064,106,208310,65,181114,63,6362,37
5/20/2023,Saturday,5,2023,2314672,72,760830,55,16570,96,888784,93,102957,87,95625,63,1970,41
5/21/2023,Sunday,5,2023,2132724,89,727850,76,17545,103,959948,113,103484,106,91335,88,1919,55
5/22/2023,Monday,5,2023,3571748,62,1446015,64,27038,92,942741,98,203122,64,186008,65,6935,40
5/23/2023,Tuesday,5,2023,3929003,69,1500973,66,29538,100,953703,99,219619,69,214621,75,7928,46
5/24/2023,Wednesday,5,2023,3960264,69,1499943,66,30495,104,983724,102,219886,69,208487,73,7667,44
5/25/2023,Thursday,5,2023,3859385,67,1459601,64,29311,100,1007341,105,215946,68,201855,71,7183,41
5/26/2023,Friday,5,2023,3496511,61,1370252,60,27037,92,994185,103,207347,65,187188,65,5747,33
5/27/2023,Saturday,5,2023,2375741,74,848442,61,16731,97,925766,97,116439,98,120011,80,2913,60
5/28/2023,Sunday,5,2023,2029088,85,707787,73,17527,103,906089,106,102985,106,102009,98,2426,69
5/29/2023,Monday,5,2023,1952779,82,758893,79,12121,71,836613,98,99456,102,86149,83,2520,72
5/30/2023,Tuesday,5,2023,3714864,65,1438285,63,27645,94,959824,100,227623,71,205661,72,7398,43
5/31/2023,Wednesday,5,2023,3911382,68,1480801,65,30078,102,971602,101,229227,72,211998,74,7691,44
6/1/2023,Thursday,6,2023,3894167,69,1457503,68,30088,103,1006107,102,210483,63,191410,65,7152,44
6/2/2023,Friday,6,2023,3626490,65,1399462,65,29570,101,1011244,103,202543,61,170399,58,6470,40
6/3/2023,Saturday,6,2023,2411704,75,899212,64,18118,105,958346,97,115723,94,102668,65,1837,36
6/4/2023,Sunday,6,2023,1988330,76,714218,66,18429,102,931347,101,103120,105,88859,81,1573,40
6/5/2023,Monday,6,2023,3544106,63,1432156,67,27920,95,938818,95,200806,60,183510,62,6892,43
6/6/2023,Tuesday,6,2023,3929131,70,1474317,69,29999,102,945555,96,218376,66,213292,72,7795,48
6/7/2023,Wednesday,6,2023,3743889,67,1390834,65,31147,106,941798,96,212982,64,202951,69,7334,45
6/8/2023,Thursday,6,2023,3268529,58,1216291,57,27689,95,932162,95,189487,57,176985,60,5503,34
6/9/2023,Friday,6,2023,3425232,61,1256670,58,25845,88,1005974,102,214001,64,185677,63,5482,34
6/10/2023,Saturday,6,2023,2608756,81,892936,64,17996,104,991238,101,139304,113,117616,74,1978,39
6/11/2023,Sunday,6,2023,2075651,79,695200,64,17958,99,976811,106,106971,109,98115,90,1582,41
6/12/2023,Monday,6,2023,3479404,62,1394575,65,27520,94,939370,96,202015,61,185343,63,6744,42
6/13/2023,Tuesday,6,2023,3968160,71,1500122,70,30441,104,971010,99,233588,70,212364,72,7850,48
6/14/2023,Wednesday,6,2023,3893073,69,1434687,67,30661,105,971437,99,235667,71,207746,70,7234,45
6/15/2023,Thursday,6,2023,3928393,70,1475300,69,31298,107,1028832,105,228608,69,206188,70,7390,46
6/16/2023,Friday,6,2023,3395938,61,1300751,61,28693,98,1025514,104,214883,65,177916,60,5960,37
6/17/2023,Saturday,6,2023,2399521,74,872453,62,17967,104,1000053,102,138654,113,111460,70,2632,52
6/18/2023,Sunday,6,2023,1977582,76,707615,65,19384,107,971860,105,119996,122,95597,88,2029,52
6/19/2023,Monday,6,2023,2636887,101,1075747,99,17494,97,964071,104,196645,200,168591,154,4094,105
6/20/2023,Tuesday,6,2023,3782810,67,1434258,67,29482,101,979074,100,235806,71,224371,76,7540,47
6/21/2023,Wednesday,6,2023,3902298,70,1430476,67,31019,106,999201,102,242162,73,221141,75,7551,47
6/22/2023,Thursday,6,2023,3782472,67,1367709,64,29220,100,1013372,103,233588,70,208969,71,6956,43
6/23/2023,Friday,6,2023,3470575,62,1282954,60,28619,98,1022942,104,222283,67,188373,64,6167,38
6/24/2023,Saturday,6,2023,2467994,77,844674,60,16937,98,951605,97,128075,104,109217,69,2551,50
6/25/2023,Sunday,6,2023,2222704,85,689020,63,17103,95,948428,103,123527,125,113238,104,2248,58
6/26/2023,Monday,6,2023,3341322,60,1314743,61,26823,92,962862,98,218393,66,185070,63,6516,40
6/27/2023,Tuesday,6,2023,3744227,67,1391914,65,29246,100,969784,99,231738,70,209234,71,7633,47
6/28/2023,Wednesday,6,2023,3634270,65,1305832,61,29092,99,988315,101,233457,70,207293,70,6762,42
6/29/2023,Thursday,6,2023,3653631,65,1307649,61,28876,99,1036568,105,233625,70,200724,68,6946,43
6/30/2023,Friday,6,2023,3259767,58,1248822,58,28028,96,1043286,106,219673,66,178064,60,5817,36
7/1/2023,Saturday,7,2023,2239529,79,859295,64,17093,108,956890,103,120270,94,99597,64,2745,54
7/2/2023,Sunday,7,2023,1783757,76,668297,61,16717,101,832828,94,92780,89,74415,70,1988,56
7/3/2023,Monday,7,2023,2662052,50,1117930,54,23795,84,860662,90,149641,47,128417,45,4718,34
7/4/2023,Tuesday,7,2023,1791179,77,631937,58,13059,79,715453,81,96458,92,84010,79,2305,65
7/5/2023,Wednesday,7,2023,3318379,63,1296583,63,28774,101,963342,100,211448,67,189434,67,6472,47
7/6/2023,Thursday,7,2023,3494806,66,1333630,64,29894,105,959636,100,209335,66,186822,66,6608,48
7/7/2023,Friday,7,2023,3292266,62,1273900,61,28609,101,977009,102,197892,62,171597,61,5868,43
7/8/2023,Saturday,7,2023,2308794,82,867047,64,17879,113,949008,103,120931,95,107854,70,2695,53
7/9/2023,Sunday,7,2023,1776607,76,651953,59,16695,101,869686,98,95243,91,83783,79,1914,54
7/10/2023,Monday,7,2023,3208730,61,1307297,63,27354,96,925569,96,196506,62,171497,61,6175,45
7/11/2023,Tuesday,7,2023,3613670,68,1381701,67,30085,106,952112,99,221923,70,200151,71,7149,52
7/12/2023,Wednesday,7,2023,3696737,70,1383484,67,31015,109,977898,102,218097,69,199169,70,6901,50
7/13/2023,Thursday,7,2023,3648007,69,1359302,66,29980,106,990761,103,218715,69,190952,67,6888,50
7/14/2023,Friday,7,2023,3209393,61,1231624,59,28489,100,986748,103,198119,63,163840,58,5588,41
7/15/2023,Saturday,7,2023,2326054,82,889709,66,18043,114,983132,106,124007,97,107124,69,2409,47
7/16/2023,Sunday,7,2023,1599858,68,583645,53,16496,100,817659,92,89763,86,72406,68,1559,44
7/17/2023,Monday,7,2023,3282092,62,1310810,63,27637,97,964710,100,205378,65,182216,64,6345,46
7/18/2023,Tuesday,7,2023,3584819,68,1313665,63,29105,103,944208,98,225299,71,204203,72,6766,49
7/19/2023,Wednesday,7,2023,3679343,70,1342781,65,30527,108,969944,101,224202,71,203857,72,6938,50
7/20/2023,Thursday,7,2023,3711017,70,1333607,64,29745,105,1004167,104,224327,71,197400,70,6858,50
7/21/2023,Friday,7,2023,3227154,61,1211839,58,27485,97,1000836,104,201177,64,176892,62,5389,39
7/22/2023,Saturday,7,2023,2459990,87,894490,66,18283,115,1005606,109,133328,104,93215,60,2117,42
7/23/2023,Sunday,7,2023,1984503,85,723774,66,18021,109,988636,112,116485,111,94729,89,1511,42
7/24/2023,Monday,7,2023,3255379,62,1302964,63,27222,96,948855,99,206025,65,180716,64,6175,45
7/25/2023,Tuesday,7,2023,3630414,69,1307716,63,29285,103,939926,98,226651,72,211053,75,7050,51
7/26/2023,Wednesday,7,2023,3758378,71,1382345,67,30501,108,977673,102,226363,71,210315,74,7298,53
7/27/2023,Thursday,7,2023,3580012,68,1313385,63,28692,101,973315,101,219460,69,187729,66,6788,49
7/28/2023,Friday,7,2023,3266199,62,1246295,60,27522,97,1023958,107,205845,65,170128,60,5631,41
7/29/2023,Saturday,7,2023,2251524,80,856921,63,16747,105,957063,104,120457,94,100508,65,2314,45
7/30/2023,Sunday,7,2023,1952433,83,705279,64,17450,106,989071,112,116784,111,91861,87,2077,58
7/31/2023,Monday,7,2023,3204920,61,1283835,62,26682,94,969712,101,205976,65,185348,65,6161,45
8/1/2023,Tuesday,8,2023,3598379,70,1357252,67,29354,105,954649,98,221518,71,199547,73,7060,53
8/2/2023,Wednesday,8,2023,3640307,71,1359233,67,30380,109,964978,99,219641,70,201003,74,6913,52
8/3/2023,Thursday,8,2023,3609076,70,1350472,67,30483,109,994978,102,220565,71,197044,72,6753,50
8/4/2023,Friday,8,2023,3228510,63,1241122,61,28128,101,987994,102,193528,62,171533,63,5593,42
8/5/2023,Saturday,8,2023,2364364,80,879423,64,18835,113,969702,101,122596,92,114660,76,2838,60
8/6/2023,Sunday,8,2023,1910841,80,715130,65,18805,105,956499,104,107399,103,96010,92,2171,60
8/7/2023,Monday,8,2023,3041001,59,1208443,60,27174,97,901342,93,191530,61,163799,60,5884,44
8/8/2023,Tuesday,8,2023,3510047,68,1339073,66,29435,105,933802,96,218555,70,193867,71,7035,53
8/9/2023,Wednesday,8,2023,3613062,70,1369095,68,30849,110,960119,99,224241,72,192028,70,6858,51
8/10/2023,Thursday,8,2023,3429304,67,1262073,63,29758,107,956875,98,208782,67,178768,66,6333,47
8/11/2023,Friday,8,2023,3311714,64,1275618,63,29109,104,1018825,105,206947,66,171116,63,6119,46
8/12/2023,Saturday,8,2023,2366787,81,844749,61,18390,111,970527,101,131586,99,109269,72,2835,60
8/13/2023,Sunday,8,2023,1953558,82,690541,62,18071,101,965362,105,112932,109,93730,90,2196,61
8/14/2023,Monday,8,2023,3092801,60,1246445,62,27185,97,939920,97,201352,64,168873,62,6051,45
8/15/2023,Tuesday,8,2023,3385996,66,1273782,63,29122,104,924053,95,212116,68,187441,69,6680,50
8/16/2023,Wednesday,8,2023,3447648,67,1300953,64,30763,110,956351,98,217398,70,190267,70,6652,50
8/17/2023,Thursday,8,2023,3385056,66,1275993,63,30045,108,975018,100,212321,68,180631,66,6360,48
8/18/2023,Friday,8,2023,3182516,62,1208502,60,27468,98,999976,103,208639,67,174410,64,5361,40
8/19/2023,Saturday,8,2023,2358962,80,856814,62,19246,116,983353,103,144076,108,124069,82,2665,57
8/20/2023,Sunday,8,2023,1870625,79,689829,62,18004,100,958807,104,101351,97,94332,91,2065,58
8/21/2023,Monday,8,2023,2971166,58,1199440,59,26325,94,929844,96,198534,63,170102,62,5857,44
8/22/2023,Tuesday,8,2023,3352769,65,1263459,63,28913,104,928605,96,213724,68,194321,71,6463,48
8/23/2023,Wednesday,8,2023,3412842,66,1272485,63,30187,108,954470,98,215258,69,192053,70,6566,49
8/24/2023,Thursday,8,2023,3297927,64,1201155,60,28689,103,958830,99,204439,65,176827,65,6191,46
8/25/2023,Friday,8,2023,3034255,59,1143010,57,26511,95,953126,98,191119,61,153854,56,4891,37
8/26/2023,Saturday,8,2023,2281885,78,844428,61,18024,108,954892,100,122930,92,100194,66,2700,57
8/27/2023,Sunday,8,2023,1909806,80,702984,64,18022,100,943519,103,106913,103,85878,83,2088,58
8/28/2023,Monday,8,2023,3121505,61,1240688,61,26613,95,932328,96,215843,69,170897,63,6179,46
8/29/2023,Tuesday,8,2023,3401088,66,1284953,64,28250,101,930248,96,235092,75,189077,69,6677,50
8/30/2023,Wednesday,8,2023,3462970,67,1267435,63,29450,105,959898,99,230912,74,180304,66,6639,50
8/31/2023,Thursday,8,2023,3450532,67,1315113,65,29312,105,1017088,105,229477,73,176676,65,6537,49
9/1/2023,Friday,9,2023,3196284,55,1225370,53,28920,97,1025352,108,202450,62,152974,53,5372,31
9/2/2023,Saturday,9,2023,2307416,72,842591,60,18536,108,939962,98,132551,112,107230,70,2633,64
9/3/2023,Sunday,9,2023,2013506,79,692079,63,19598,114,939811,106,119566,121,90729,86,2185,75
9/4/2023,Monday,9,2023,1879819,74,686326,62,12292,72,856049,97,114475,115,87538,83,2188,75
9/5/2023,Tuesday,9,2023,3483755,60,1349438,58,29869,101,969997,102,239334,73,218899,76,6739,39
9/6/2023,Wednesday,9,2023,3712071,64,1395521,60,32290,109,963978,101,238477,73,211126,73,6909,40
9/7/2023,Thursday,9,2023,3867746,67,1441437,62,31704,107,981360,103,226937,69,206910,72,7044,41
9/8/2023,Friday,9,2023,3609701,63,1365283,59,30083,101,1015782,107,225125,69,183785,64,6257,37
9/9/2023,Saturday,9,2023,2425515,75,840378,60,17897,104,953082,100,125177,106,102373,67,2575,62
9/10/2023,Sunday,9,2023,1822230,72,626222,57,17916,104,870988,98,96835,98,81850,78,1623,55
9/11/2023,Monday,9,2023,3596538,62,1400268,60,29057,98,911493,96,213280,65,191592,66,7182,42
9/12/2023,Tuesday,9,2023,4014480,70,1519571,65,31779,107,955533,100,241196,74,221092,77,8031,47
9/13/2023,Wednesday,9,2023,3938516,68,1482320,64,31900,107,936338,98,229765,70,210001,73,7787,46
9/14/2023,Thursday,9,2023,4045169,70,1517040,65,32717,110,989072,104,232039,71,206374,72,7847,46
9/15/2023,Friday,9,2023,3694845,64,1398937,60,30957,104,1022344,107,225904,69,192398,67,6429,38
9/16/2023,Saturday,9,2023,2446139,76,881354,63,18923,110,972924,102,117997,100,115065,75,2864,69
9/17/2023,Sunday,9,2023,1988003,78,666392,60,18330,107,902993,102,107302,108,96229,92,2197,75
9/18/2023,Monday,9,2023,3539047,61,1294777,56,28341,95,876621,92,215151,66,192103,67,7010,41
9/19/2023,Tuesday,9,2023,4140301,72,1480863,64,31109,105,934708,98,241135,74,224426,78,8652,51
9/20/2023,Wednesday,9,2023,4179861,72,1478618,64,32181,108,958671,101,242203,74,219540,76,8671,51
9/21/2023,Thursday,9,2023,4139288,72,1478606,64,31455,106,978561,103,232409,71,211375,73,8554,50
9/22/2023,Friday,9,2023,3840412,67,1403811,60,30086,101,1020253,107,223821,68,194197,67,7175,42
9/23/2023,Saturday,9,2023,2116140,66,682092,49,15680,92,803480,84,96073,81,86985,57,2012,49
9/24/2023,Sunday,9,2023,1701656,67,562224,51,15255,89,742634,84,83669,84,75103,71,1863,64
9/25/2023,Monday,9,2023,2885921,50,1035021,45,24609,83,812779,85,194611,59,175651,61,5320,31
9/26/2023,Tuesday,9,2023,3946624,68,1393963,60,30558,103,909652,95,235620,72,214987,75,7655,45
9/27/2023,Wednesday,9,2023,4074930,71,1463309,63,32758,110,943929,99,232823,71,212978,74,7877,46
9/28/2023,Thursday,9,2023,4051444,70,1433729,62,31804,107,965165,101,227819,70,201304,70,7587,44
9/29/2023,Friday,9,2023,2467295,43,1053306,45,29054,98,826445,87,188008,57,128570,45,5183,30
9/30/2023,Saturday,9,2023,2205573,68,789587,56,16536,97,864863,91,104842,89,100703,66,1936,47
10/1/2023,Sunday,10,2023,1995361,81,669243,67,18586,101,898064,106,94222,103,92724,88,1984,53
10/2/2023,Monday,10,2023,3649389,63,1390842,62,28672,96,931216,100,208901,66,183892,63,7289,41
10/3/2023,Tuesday,10,2023,4008201,70,1471939,65,32295,108,937269,101,235305,75,214111,74,7953,45
10/4/2023,Wednesday,10,2023,4026878,70,1467384,65,33186,111,949285,102,231999,74,209399,72,7928,44
10/5/2023,Thursday,10,2023,4030304,70,1457151,65,32414,109,973371,105,233470,74,207356,71,7814,44
10/6/2023,Friday,10,2023,3639729,63,1325428,59,30643,103,1000568,108,225040,72,193065,66,6284,35
10/7/2023,Saturday,10,2023,2199478,66,720734,52,16919,96,842763,89,105975,93,95026,62,2010,44
10/8/2023,Sunday,10,2023,2044534,83,654443,65,18471,101,896319,106,98315,108,105952,101,2722,72
10/9/2023,Monday,10,2023,2833654,49,1023375,45,21655,73,905490,98,206491,66,189567,65,4576,26
10/10/2023,Tuesday,10,2023,3954925,69,1423532,63,31970,107,935467,101,239967,76,220445,76,8356,47
10/11/2023,Wednesday,10,2023,4056504,71,1451764,64,33382,112,950384,102,236033,75,214437,74,8630,48
10/12/2023,Thursday,10,2023,4104598,71,1436967,64,32865,110,988904,107,248974,79,215284,74,8255,46
10/13/2023,Friday,10,2023,3560964,62,1322576,59,31134,105,1002148,108,226873,72,193658,67,6429,36
10/14/2023,Saturday,10,2023,2219786,67,717223,52,17155,97,873287,92,110177,97,96158,63,2298,50
10/15/2023,Sunday,10,2023,2013096,82,689581,69,18455,100,911179,108,102493,113,100633,96,2148,57
10/16/2023,Monday,10,2023,3661144,64,1381665,61,29453,99,925864,100,228147,73,203627,70,7735,43
10/17/2023,Tuesday,10,2023,4021342,70,1439468,64,31921,107,944335,102,243917,78,222110,76,8354,47
10/18/2023,Wednesday,10,2023,4074460,71,1440292,64,33615,113,948559,102,236072,75,213952,74,8356,47
10/19/2023,Thursday,10,2023,4121563,72,1440111,64,32909,111,986310,106,234999,75,212946,73,8148,46
10/20/2023,Friday,10,2023,3616336,63,1232782,55,29766,100,961759,104,222385,71,192383,66,6272,35
10/21/2023,Saturday,10,2023,2438387,73,793917,57,17530,99,907106,96,113139,100,101963,67,2464,54
10/22/2023,Sunday,10,2023,1983271,81,678536,68,18954,103,928307,110,98471,108,93659,89,2021,54
10/23/2023,Monday,10,2023,3667240,64,1375311,61,29261,98,925334,100,221569,70,199199,68,7615,43
10/24/2023,Tuesday,10,2023,4040571,70,1431006,63,31757,107,932897,101,241544,77,218201,75,8176,46
10/25/2023,Wednesday,10,2023,4120011,72,1443766,64,32821,110,947018,102,237292,75,217420,75,8368,47
10/26/2023,Thursday,10,2023,4142420,72,1431016,63,32549,109,985290,106,242021,77,215171,74,8147,46
10/27/2023,Friday,10,2023,3853546,67,1348576,60,31164,105,1027312,111,229895,73,203068,70,6705,38
10/28/2023,Saturday,10,2023,2743759,82,874941,63,20126,114,1019478,108,124172,109,139276,91,2995,66
10/29/2023,Sunday,10,2023,1834459,75,589929,59,18145,99,871500,103,86843,95,80705,77,1766,47
10/30/2023,Monday,10,2023,3623778,63,1314380,58,29075,98,893690,96,225140,72,197550,68,7287,41
10/31/2023,Tuesday,10,2023,4016482,70,1334020,59,30712,103,873724,94,224816,72,203951,70,7789,44
11/1/2023,Wednesday,11,2023,4043524,72,1369637,63,32374,104,927384,98,226067,69,208249,73,8010,47
11/2/2023,Thursday,11,2023,4082807,72,1380510,63,32242,103,953269,101,231370,70,206350,72,7997,47
11/3/2023,Friday,11,2023,3808235,68,1307247,60,31816,102,980512,104,218703,67,193580,68,6755,40
11/4/2023,Saturday,11,2023,2588115,82,832986,63,19920,118,945189,104,122433,106,123922,82,2582,74
11/5/2023,Sunday,11,2023,2310457,92,614666,62,16889,90,791269,96,109258,116,109891,106,3407,111
11/6/2023,Monday,11,2023,3686141,65,1349481,62,30167,97,923453,98,225898,69,198934,70,7474,44
11/7/2023,Tuesday,11,2023,3655078,65,1270763,58,30843,99,891546,94,238656,73,215344,75,6785,40
11/8/2023,Wednesday,11,2023,4066029,72,1401268,64,33515,107,937630,99,238727,73,213738,75,8306,49
11/9/2023,Thursday,11,2023,4020939,71,1376822,63,32982,106,980310,104,235844,72,210130,73,7929,47
11/10/2023,Friday,11,2023,3611367,143,1250528,126,25506,135,974996,118,224512,237,200669,193,5596,182
11/11/2023,Saturday,11,2023,2588540,82,817146,62,18654,110,939492,103,122170,106,118398,78,2712,78
11/12/2023,Sunday,11,2023,1947270,77,642431,64,19187,102,891716,108,99171,105,91623,88,1958,64
11/13/2023,Monday,11,2023,3597029,64,1320693,60,30479,98,907109,96,225204,69,194691,68,7353,43
11/14/2023,Tuesday,11,2023,3991767,71,1382768,63,33027,106,921728,98,235487,72,214218,75,8271,49
11/15/2023,Wednesday,11,2023,4036442,72,1389217,63,34166,109,941983,100,235718,72,214486,75,8322,49
11/16/2023,Thursday,11,2023,4048862,72,1391273,64,34102,109,978274,104,235070,72,207671,73,8010,47
11/17/2023,Friday,11,2023,3741391,66,1303240,60,31496,101,999520,106,227909,69,201231,70,6792,40
11/18/2023,Saturday,11,2023,2477547,78,831053,63,19452,115,946515,104,124053,108,120273,80,2630,76
11/19/2023,Sunday,11,2023,1943926,77,657965,66,19835,105,867625,105,100792,107,100924,97,2058,67
11/20/2023,Monday,11,2023,3647283,65,1300978,59,30889,99,925548,98,228502,70,203599,71,7426,44
11/21/2023,Tuesday,11,2023,3774952,67,1254277,57,32139,103,977248,104,236079,72,213162,74,7467,44
11/22/2023,Wednesday,11,2023,3378351,60,1160847,53,28409,91,985528,104,254968,78,220030,77,6524,38
11/23/2023,Thursday,11,2023,1628385,65,471662,47,21741,115,898291,109,116969,124,107690,103,2257,74
11/24/2023,Friday,11,2023,2457591,97,807221,81,15381,82,818916,99,215833,228,197178,189,3718,121
11/25/2023,Saturday,11,2023,2123590,67,696466,53,14245,84,866561,95,124716,108,117682,78,2454,71
11/26/2023,Sunday,11,2023,1686490,67,566395,57,16900,90,864505,105,101486,107,95729,92,1834,60
11/27/2023,Monday,11,2023,3523494,63,1253990,57,29418,94,921303,98,228127,69,200017,70,7294,43
11/28/2023,Tuesday,11,2023,3916476,69,1279327,58,31716,102,914381,97,234794,72,216450,76,7835,46
11/29/2023,Wednesday,11,2023,4032882,72,1268990,58,32809,105,915384,97,234738,71,212929,74,7851,46
11/30/2023,Thursday,11,2023,4072271,72,1340370,61,32650,105,945909,100,236142,72,210592,74,7737,45
12/1/2023,Friday,12,2023,3723171,70,1226677,61,31284,107,947287,107,185151,59,164628,59,6432,41
12/2/2023,Saturday,12,2023,2748170,83,826725,65,19675,114,903346,102,126374,99,125483,80,2618,53
12/3/2023,Sunday,12,2023,1827959,72,553618,57,18450,103,778118,98,87340,82,76999,72,1633,48
12/4/2023,Monday,12,2023,3709458,69,1312507,66,30841,106,900224,102,223257,71,201080,72,7559,48
12/5/2023,Tuesday,12,2023,3991835,75,1346216,67,33235,114,914419,103,243329,77,224065,80,7964,51
12/6/2023,Wednesday,12,2023,4116059,77,1350594,67,33502,115,936802,106,230920,73,211076,76,7951,51
12/7/2023,Thursday,12,2023,4088438,77,1314833,66,32511,112,960536,108,231114,73,204586,73,7424,48
12/8/2023,Friday,12,2023,3863961,72,1261796,63,31875,109,972091,110,225208,71,198539,71,6435,41
12/9/2023,Saturday,12,2023,2922085,88,828894,65,20580,119,944411,107,156237,122,147745,94,3181,64
12/10/2023,Sunday,12,2023,1838048,72,539117,55,17542,98,779314,98,90884,85,82225,77,1648,49
12/11/2023,Monday,12,2023,3642743,68,1213923,61,29271,100,894318,101,219022,69,191110,69,6949,45
12/12/2023,Tuesday,12,2023,4051574,76,1309303,65,33458,115,935591,106,236348,75,219393,79,7655,49
12/13/2023,Wednesday,12,2023,4067457,76,1314167,66,34323,118,959767,108,238451,75,215546,77,7859,50
12/14/2023,Thursday,12,2023,4122091,77,1296909,65,33406,115,988876,112,236516,75,213415,77,7414,48
12/15/2023,Friday,12,2023,3845234,72,1246465,62,32517,112,1011336,114,235800,75,208572,75,6540,42
12/16/2023,Saturday,12,2023,2866544,86,814457,64,20483,119,972314,110,149340,117,149013,95,3085,62
12/17/2023,Sunday,12,2023,1954707,77,569005,58,18445,103,809015,102,96415,90,88502,82,1787,53
12/18/2023,Monday,12,2023,3314782,62,1082334,54,28309,97,809201,91,201289,64,174850,63,5381,34
12/19/2023,Tuesday,12,2023,3912934,73,1275002,64,32542,112,946648,107,244031,77,213625,77,7555,48
12/20/2023,Wednesday,12,2023,3838407,72,1245547,62,33205,114,964384,109,236060,75,206420,74,7363,47
12/21/2023,Thursday,12,2023,3675448,69,1200899,60,31713,109,976632,110,229252,73,199411,71,6860,44
12/22/2023,Friday,12,2023,3372318,63,1110555,55,29324,101,979372,111,231036,73,206169,74,5878,38
12/23/2023,Saturday,12,2023,2244175,68,708808,56,17627,102,876791,99,139904,109,130053,83,2700,54
12/24/2023,Sunday,12,2023,1657096,65,549448,56,20241,114,793031,100,92540,87,77874,72,1912,56
12/25/2023,Monday,12,2023,1273729,50,381879,39,14750,83,748318,94,80587,76,65350,61,1668,49
12/26/2023,Tuesday,12,2023,2668642,50,906670,45,20706,71,867072,98,219149,69,192910,69,5158,33
12/27/2023,Wednesday,12,2023,2912007,55,955890,48,25945,89,881140,99,220010,70,186541,67,5373,34
12/28/2023,Thursday,12,2023,3064841,57,969231,48,26462,91,887521,100,218546,69,193235,69,5395,35
12/29/2023,Friday,12,2023,3198885,60,1007697,50,26892,92,909062,103,237781,75,210361,75,5784,37
12/30/2023,Saturday,12,2023,2440211,74,720564,57,16983,99,833538,94,121688,95,121647,77,2780,56
12/31/2023,Sunday,12,2023,1934651,76,548344,56,20005,112,671873,84,99817,94,89554,83,2029,60
1/1/2024,Monday,1,2024,1648734,79,455965,50,9165,68,730489,107,82811,100,73957,82,2018,74
1/2/2024,Tuesday,1,2024,3290639,64,1091104,53,25961,92,829660,95,209680,69,184978,69,7107,43
1/3/2024,Wednesday,1,2024,3555082,69,1212761,59,31304,111,856822,99,217373,72,194441,72,7565,46
1/4/2024,Thursday,1,2024,3560703,69,1242971,61,31233,110,867791,100,212217,70,190588,71,7450,45
1/5/2024,Friday,1,2024,3263064,63,1185046,58,30480,108,886766,102,199441,66,173362,64,5963,36
1/6/2024,Saturday,1,2024,1942458,72,684686,57,15850,109,721283,94,92741,95,82890,64,2070,50
1/7/2024,Sunday,1,2024,1472438,70,502518,55,13723,102,566397,83,72971,88,57280,63,1533,56
1/8/2024,Monday,1,2024,3303727,64,1226783,60,28890,102,844853,97,208960,69,184150,68,7001,43
1/9/2024,Tuesday,1,2024,3353192,65,1135694,55,30430,108,780334,90,213699,71,188888,70,6944,42
1/10/2024,Wednesday,1,2024,3557166,69,1248493,61,31338,111,844710,97,217461,72,191221,71,7216,44
1/11/2024,Thursday,1,2024,3688916,72,1293940,63,32790,116,921166,106,229117,76,199799,74,7337,45
1/12/2024,Friday,1,2024,3365791,65,1228696,60,31096,110,930218,107,207670,69,182896,68,6286,38
1/13/2024,Saturday,1,2024,2167383,80,755670,63,17168,118,819900,107,101558,104,97439,75,2210,54
1/14/2024,Sunday,1,2024,1743556,83,588809,64,18588,138,750002,110,85521,103,78197,86,1745,64
1/15/2024,Monday,1,2024,2169917,104,783032,85,16502,122,816628,120,91887,111,80498,89,3017,110
1/16/2024,Tuesday,1,2024,3235935,63,1078860,53,29826,105,712714,82,205716,68,178389,66,5414,33
1/17/2024,Wednesday,1,2024,3616923,70,1193111,58,32054,113,863242,99,217173,72,199986,74,6891,42
1/18/2024,Thursday,1,2024,3655850,71,1235693,60,32318,114,896766,103,217911,72,197257,73,7014,43
1/19/2024,Friday,1,2024,3176408,62,1109408,54,27175,96,793429,91,191999,64,171490,64,5330,33
1/20/2024,Saturday,1,2024,2024041,75,677335,57,15487,107,758923,99,96128,99,82817,64,1926,47
1/21/2024,Sunday,1,2024,1576126,75,548497,60,17147,127,718777,105,78041,94,66955,74,1482,54
1/22/2024,Monday,1,2024,3305387,64,1210644,59,30092,106,841078,97,209302,69,185181,69,6558,40
1/23/2024,Tuesday,1,2024,3652488,71,1264199,62,33111,117,864670,100,233311,77,205300,76,7194,44
1/24/2024,Wednesday,1,2024,3666907,71,1247798,61,33082,117,867077,100,223928,74,201969,75,7027,43
1/25/2024,Thursday,1,2024,3681867,72,1256481,61,32517,115,890573,102,223766,74,199560,74,6845,42
1/26/2024,Friday,1,2024,3380816,66,1193175,58,31329,111,913609,105,213749,71,184511,69,5681,35
1/27/2024,Saturday,1,2024,2283244,84,801262,67,19099,132,853000,112,117555,121,102600,79,2409,59
1/28/2024,Sunday,1,2024,1549077,74,535857,58,17473,129,712530,104,75177,91,66794,74,1455,53
1/29/2024,Monday,1,2024,3297571,64,1211703,59,29367,104,838882,97,214890,71,187702,70,6755,41
1/30/2024,Tuesday,1,2024,3717520,72,1284597,63,32782,116,868230,100,230931,76,207896,77,7744,47
1/31/2024,Wednesday,1,2024,3808584,74,1325692,65,33417,118,882805,102,228148,76,204353,76,7651,47
2/1/2024,Thursday,2,2024,3814682,70,1337508,62,33540,114,911954,103,214275,71,189621,70,7465,46
2/2/2024,Friday,2,2024,3457807,64,1239617,58,32175,109,917639,104,200395,66,174044,65,6207,38
2/3/2024,Saturday,2,2024,2324038,81,808103,64,20070,123,845878,102,113576,121,102310,78,2357,55
2/4/2024,Sunday,2,2024,1742107,79,626299,64,20480,122,790429,105,86327,110,77083,85,1746,62
2/5/2024,Monday,2,2024,3481777,64,1297578,60,31372,107,855224,97,218879,72,190181,71,7053,44
2/6/2024,Tuesday,2,2024,3857533,71,1346868,63,33618,114,880296,100,233524,77,208252,77,7709,48
2/7/2024,Wednesday,2,2024,3900992,72,1341486,62,34799,118,896482,101,229426,76,202871,75,7655,47
2/8/2024,Thursday,2,2024,3903673,72,1350925,63,34386,117,937494,106,232069,77,198010,74,7442,46
2/9/2024,Friday,2,2024,3547321,65,1268268,59,32233,110,953705,108,218909,72,185475,69,6121,38
2/10/2024,Saturday,2,2024,2385448,83,795892,63,20462,126,876746,105,118074,126,99942,76,2596,61
2/11/2024,Sunday,2,2024,1774698,81,628400,64,20610,122,759996,101,83832,107,73614,81,1769,63
2/12/2024,Monday,2,2024,3374596,62,1254403,58,30323,103,888941,101,212628,70,185118,69,6132,38
2/13/2024,Tuesday,2,2024,2273584,42,724893,34,23271,79,480178,54,166803,55,134355,50,3641,23
2/14/2024,Wednesday,2,2024,3963628,73,1282121,60,32796,111,909016,103,230505,76,201686,75,7645,47
2/15/2024,Thursday,2,2024,3874860,71,1305830,61,33402,114,948001,107,228885,76,202704,75,7500,46
2/16/2024,Friday,2,2024,3504536,65,1225865,57,32442,110,962249,109,210552,70,186547,69,6269,39
2/17/2024,Saturday,2,2024,2178047,76,680638,54,17545,108,769698,93,95271,102,92423,71,2038,48
2/18/2024,Sunday,2,2024,1850840,84,604537,62,18975,113,794483,105,89877,115,81659,90,1720,61
2/19/2024,Monday,2,2024,2244741,102,842548,86,17585,104,814165,108,96569,124,85973,94,3007,107
2/20/2024,Tuesday,2,2024,3490990,64,1201850,56,32208,109,895208,101,233827,77,207099,77,7023,43
2/21/2024,Wednesday,2,2024,3591484,66,1222440,57,33590,114,892324,101,230058,76,201074,75,7112,44
2/22/2024,Thursday,2,2024,3588173,66,1212903,56,32702,111,924554,105,225465,74,195315,73,6674,41
2/23/2024,Friday,2,2024,3219121,59,1126271,52,30262,103,916874,104,208527,69,182348,68,5479,34
2/24/2024,Saturday,2,2024,2308808,80,788962,62,19456,120,866204,104,114816,123,98942,76,2407,56
2/25/2024,Sunday,2,2024,1740477,79,608010,62,19822,118,822624,109,88104,113,78248,86,1800,64
2/26/2024,Monday,2,2024,3439079,63,1275320,59,30867,105,873604,99,217914,72,187542,70,6969,43
2/27/2024,Tuesday,2,2024,3802458,70,1332209,62,33571,114,893537,101,233207,77,208042,77,7659,47
2/28/2024,Wednesday,2,2024,3784177,70,1290829,60,33664,114,889784,101,228110,75,199671,74,7428,46
2/29/2024,Thursday,2,2024,3905888,72,1334777,62,33637,114,957616,108,232010,77,204828,76,7295,45
3/1/2024,Friday,3,2024,3573658,64,1276428,57,33416,112,968878,105,181633,58,157348,57,6220,39
3/2/2024,Saturday,3,2024,2094029,68,689029,52,19380,114,823629,95,98266,91,85586,63,2084,41
3/3/2024,Sunday,3,2024,1961510,86,686787,69,21351,121,857039,106,93906,108,85095,90,1981,63
3/4/2024,Monday,3,2024,3539671,64,1319592,59,32231,108,887009,96,219565,70,188845,68,7229,45
3/5/2024,Tuesday,3,2024,3819514,69,1263377,56,34277,115,868487,94,236999,76,204515,74,7344,46
3/6/2024,Wednesday,3,2024,3865589,69,1273337,57,35207,118,890058,97,225080,72,198040,72,7555,47
3/7/2024,Thursday,3,2024,3893731,70,1334827,60,34235,115,941815,102,226926,72,197659,72,7414,46
3/8/2024,Friday,3,2024,3685219,66,1291469,58,34613,116,987695,107,226372,72,192899,70,6588,41
3/9/2024,Saturday,3,2024,2128635,69,747405,56,19661,116,857351,98,113368,105,97183,72,2174,43
3/10/2024,Sunday,3,2024,1803578,79,630566,63,20080,114,818114,101,90567,104,77768,82,1750,56
3/11/2024,Monday,3,2024,3497588,63,1270081,57,31600,106,869087,94,218755,70,188108,68,6854,43
3/12/2024,Tuesday,3,2024,3988438,72,1370319,61,34978,118,911441,99,239002,76,213584,77,7820,49
3/13/2024,Wednesday,3,2024,4024943,72,1377062,61,36469,123,937527,102,237603,76,212582,77,8100,51
3/14/2024,Thursday,3,2024,4049186,73,1368263,61,36111,121,970105,105,240124,77,211962,77,7658,48
3/15/2024,Friday,3,2024,3643013,65,1275542,57,33266,112,986807,107,227481,73,199285,72,6558,41
3/16/2024,Saturday,3,2024,2553056,83,838318,63,20796,123,924262,106,138156,128,129667,96,3108,61
3/17/2024,Sunday,3,2024,1972170,86,625861,63,20237,115,862748,107,103993,120,86964,92,2078,66
3/18/2024,Monday,3,2024,3482565,63,1296423,58,31905,107,895292,97,221451,71,190770,69,7072,44
3/19/2024,Tuesday,3,2024,3869116,69,1336910,60,34899,117,909501,99,242771,77,210028,76,7795,49
3/20/2024,Wednesday,3,2024,3886104,70,1334002,60,35998,121,927404,101,234446,75,206030,75,7700,48
3/21/2024,Thursday,3,2024,3862248,69,1317112,59,35097,118,947309,103,228782,73,200037,73,7292,46
3/22/2024,Friday,3,2024,3581959,64,1251225,56,33549,113,975518,106,225175,72,187489,68,6299,39
3/23/2024,Saturday,3,2024,1863863,61,587004,44,17633,104,733638,84,95770,89,77331,57,1766,35
3/24/2024,Sunday,3,2024,1912946,83,653413,66,22334,127,861573,107,95973,111,80451,85,1890,60
3/25/2024,Monday,3,2024,3583716,64,1281676,57,31947,107,902281,98,224068,71,192720,70,7032,44
3/26/2024,Tuesday,3,2024,3969793,71,1355991,60,34874,117,914666,99,239790,77,211566,77,7754,49
3/27/2024,Wednesday,3,2024,4014011,72,1342695,60,35627,120,943920,102,241268,77,207744,75,7628,48
3/28/2024,Thursday,3,2024,3910547,70,1223847,55,34416,116,954143,104,239840,77,200583,73,6780,42
3/29/2024,Friday,3,2024,3372535,61,1096254,49,30293,102,966343,105,241583,77,198343,72,5092,32
3/30/2024,Saturday,3,2024,2526569,82,801723,60,19891,117,906427,104,135355,125,111061,82,2748,54
3/31/2024,Sunday,3,2024,1936295,84,606411,61,23316,132,933446,116,121273,140,98458,104,2096,67
4/1/2024,Monday,4,2024,3321989,60,1168598,53,30083,104,917643,98,208291,67,180107,63,6053,37
4/2/2024,Tuesday,4,2024,3900061,70,1247638,57,34415,119,889922,95,234615,76,206753,72,7289,45
4/3/2024,Wednesday,4,2024,3890305,70,1162660,53,34971,121,851814,91,222764,72,195001,68,6815,42
4/4/2024,Thursday,4,2024,4100733,74,1339531,61,34712,120,957042,102,232730,75,201745,70,7180,44
4/5/2024,Friday,4,2024,3800800,68,1263607,58,34503,119,981699,104,225107,73,202580,71,6309,39
4/6/2024,Saturday,4,2024,2477127,78,822825,62,21444,129,928096,102,128106,112,117095,79,2555,50
4/7/2024,Sunday,4,2024,1899641,78,651153,66,21759,117,875089,101,101624,111,94103,91,2033,62
4/8/2024,Monday,4,2024,3506719,63,1258402,58,31777,110,879783,93,220359,71,194106,68,6873,42
4/9/2024,Tuesday,4,2024,4042674,72,1366571,63,36151,125,965630,103,251964,81,228390,80,7937,49
4/10/2024,Wednesday,4,2024,3791945,68,1245909,57,35534,123,946464,101,235585,76,216591,75,7115,44
4/11/2024,Thursday,4,2024,4000485,72,1315916,60,35354,122,963140,102,241215,78,205013,71,7326,45
4/12/2024,Friday,4,2024,3668439,66,1240823,57,33701,116,979494,104,225168,73,191755,67,6265,39
4/13/2024,Saturday,4,2024,2535112,80,824356,62,21606,130,930759,102,120351,105,110542,74,2609,51
4/14/2024,Sunday,4,2024,2068885,85,664358,67,21766,117,897470,104,103711,113,93633,91,2145,66
4/15/2024,Monday,4,2024,3704177,66,1319005,60,32975,114,933433,99,233386,75,203835,71,7374,45
4/16/2024,Tuesday,4,2024,4033514,72,1370151,63,35869,124,941739,100,243835,79,220030,77,8017,49
4/17/2024,Wednesday,4,2024,4021256,72,1347870,62,35970,124,942089,100,243323,78,214829,75,7805,48
4/18/2024,Thursday,4,2024,3966226,71,1303010,60,34816,120,955479,102,230634,74,203859,71,7271,45
4/19/2024,Friday,4,2024,3705782,66,1278086,58,33749,117,1000275,106,223518,72,205809,72,6252,39
4/20/2024,Saturday,4,2024,2537525,80,830016,62,21228,127,949195,104,125999,110,123804,83,2793,55
4/21/2024,Sunday,4,2024,1918237,79,651681,66,20807,111,873632,101,101817,111,98834,96,2017,62
4/22/2024,Monday,4,2024,3219677,58,1146285,52,29919,103,902943,96,229680,74,206229,72,6171,38
4/23/2024,Tuesday,4,2024,3522218,63,1176798,54,31727,110,869972,92,238274,77,221191,77,7063,44
4/24/2024,Wednesday,4,2024,3608010,65,1180243,54,32658,113,880348,94,233010,75,215927,75,6847,42
4/25/2024,Thursday,4,2024,3723894,67,1191480,55,32999,114,962228,102,242243,78,217219,76,6820,42
4/26/2024,Friday,4,2024,3431590,62,1143792,52,31859,110,955900,102,229885,74,198590,69,5647,35
4/27/2024,Saturday,4,2024,2506779,79,801494,60,20591,123,911900,100,123192,108,109447,73,2479,48
4/28/2024,Sunday,4,2024,2084950,86,649572,65,21057,113,881076,102,100214,109,91619,89,1965,60
4/29/2024,Monday,4,2024,3323706,60,1161990,53,30504,105,866723,92,225362,73,201385,70,6385,39
4/30/2024,Tuesday,4,2024,3638986,65,1193514,55,32717,113,872347,93,240862,78,218592,76,6886,42
5/1/2024,Wednesday,5,2024,4032791,71,1350660,59,35701,121,954842,99,230682,72,205030,72,7757,45
5/2/2024,Thursday,5,2024,4061242,71,1349838,59,36244,123,980830,102,235003,74,210951,74,7475,43
5/3/2024,Friday,5,2024,3780888,66,1285012,56,34860,119,1004571,104,226880,71,204190,71,6516,37
5/4/2024,Saturday,5,2024,2563658,80,849249,61,22523,130,951334,99,123516,104,122719,81,2769,57
5/5/2024,Sunday,5,2024,1889174,79,578132,60,20709,122,819681,96,99491,102,87988,85,2571,73
5/6/2024,Monday,5,2024,3652105,64,1295794,57,33424,114,930298,97,229643,72,200506,70,6869,39
5/7/2024,Tuesday,5,2024,4098321,72,1375535,60,36309,123,954763,99,250953,79,227303,79,7966,46
5/8/2024,Wednesday,5,2024,4087477,71,1350511,59,36981,126,969162,101,244202,76,221059,77,7623,44
5/9/2024,Thursday,5,2024,4086528,71,1354139,60,35927,122,999321,104,247959,78,218370,76,7344,42
5/10/2024,Friday,5,2024,3677268,64,1212090,53,34539,117,1001911,104,228020,71,195091,68,5894,34
5/11/2024,Saturday,5,2024,2648580,83,845713,61,22810,132,1004157,105,134051,113,117308,78,3078,63
5/12/2024,Sunday,5,2024,1858872,78,559614,58,24531,144,930720,109,114118,117,98717,95,1755,50
5/13/2024,Monday,5,2024,3703066,65,1264180,56,31980,109,953646,99,244216,76,209794,73,7137,41
5/14/2024,Tuesday,5,2024,4116655,72,1343633,59,35800,122,964136,100,260745,82,226656,79,7698,44
5/15/2024,Wednesday,5,2024,4114615,72,1288427,57,36951,126,942648,98,248434,78,219840,77,7856,45
5/16/2024,Thursday,5,2024,4105026,72,1306481,57,35940,122,985179,102,243988,76,215601,75,7590,44
5/17/2024,Friday,5,2024,3816914,67,1270674,56,34945,119,1023765,106,241980,76,215838,75,6569,38
5/18/2024,Saturday,5,2024,2691368,84,792454,57,21562,125,969098,101,131709,111,130279,86,2855,59
5/19/2024,Sunday,5,2024,2121485,89,657256,68,22305,131,939438,110,112130,115,106408,102,2228,63
5/20/2024,Monday,5,2024,3682061,64,1291703,57,32417,110,956799,99,236846,74,216450,76,7160,41
5/21/2024,Tuesday,5,2024,4029557,70,1349876,59,35819,122,962058,100,252506,79,234587,82,7775,45
5/22/2024,Wednesday,5,2024,4104021,72,1357841,60,36940,126,975096,101,258544,81,233098,81,8086,46
5/23/2024,Thursday,5,2024,3863099,68,1275297,56,34785,118,1011195,105,250848,79,215083,75,7442,43
5/24/2024,Friday,5,2024,3583244,63,1243655,55,33663,114,1034556,107,250907,79,209130,73,6663,38
5/25/2024,Saturday,5,2024,2347159,73,805680,58,20733,120,924855,97,135961,115,120036,80,3031,62
5/26/2024,Sunday,5,2024,2019012,84,652393,68,22762,134,905197,106,120709,124,101017,97,2710,77
5/27/2024,Monday,5,2024,1667890,70,594031,62,12673,75,742353,87,99975,103,81042,78,2123,60
5/28/2024,Tuesday,5,2024,3825781,67,1300611,57,34485,117,967869,101,257078,80,227311,79,7609,44
5/29/2024,Wednesday,5,2024,4006764,70,1309889,58,36435,124,943930,98,254749,80,227379,79,8090,46
5/30/2024,Thursday,5,2024,3979959,70,1301028,57,35372,120,997110,104,253843,79,219887,77,7550,43
5/31/2024,Friday,5,2024,3688627,65,1257526,55,35020,119,1020563,106,245017,77,211027,74,6644,38
6/1/2024,Saturday,6,2024,2446153,76,848601,61,22726,131,999068,102,128555,105,110948,70,2980,59
6/2/2024,Sunday,6,2024,1978037,76,651637,60,22640,125,940743,102,114504,116,92567,85,2339,60
6/3/2024,Monday,6,2024,3611491,64,1294956,60,33679,115,946610,96,225413,68,197640,67,7168,44
6/4/2024,Tuesday,6,2024,3979793,71,1327963,62,36865,126,957990,97,255090,77,233237,79,7800,48
6/5/2024,Wednesday,6,2024,4051943,72,1338427,62,37800,129,985722,100,264512,80,230173,78,7942,49
6/6/2024,Thursday,6,2024,3774324,67,1207899,56,35234,120,978812,100,245631,74,219447,74,7059,44
6/7/2024,Friday,6,2024,3752412,67,1254339,58,35464,121,1035803,105,252098,76,214062,72,6393,39
6/8/2024,Saturday,6,2024,2673220,83,842779,60,23371,135,998451,102,159020,129,135138,85,3150,62
6/9/2024,Sunday,6,2024,2134551,82,680981,63,22435,124,962131,104,132945,135,107497,99,2492,64
6/10/2024,Monday,6,2024,3702212,66,1355986,63,32970,113,959576,98,240121,72,211542,72,7701,47
6/11/2024,Tuesday,6,2024,3995425,71,1390440,65,36206,124,951147,97,259101,78,230796,78,8500,52
6/12/2024,Wednesday,6,2024,3977760,71,1355294,63,36693,125,928453,94,256255,77,224305,76,8138,50
6/13/2024,Thursday,6,2024,3936941,70,1310210,61,35363,121,964740,98,254575,77,221855,75,7675,47
6/14/2024,Friday,6,2024,3517062,63,1212740,56,34757,119,1011986,103,247019,74,204586,69,5973,37
6/15/2024,Saturday,6,2024,2431810,75,851502,61,23580,136,1022686,104,142102,116,122409,77,3104,61
6/16/2024,Sunday,6,2024,1897201,72,653946,60,24200,134,997278,108,130133,132,109303,100,2245,58
6/17/2024,Monday,6,2024,3325104,59,1172762,55,31993,109,956532,97,242993,73,215241,73,6466,40
6/18/2024,Tuesday,6,2024,3920839,70,1314338,61,36105,123,988738,101,260538,78,242116,82,7713,48
6/19/2024,Wednesday,6,2024,3046320,54,1068172,50,26431,90,969020,99,232540,70,206582,70,4527,28
6/20/2024,Thursday,6,2024,3857797,69,1275626,59,36445,124,1020534,104,255683,77,227113,77,7217,45
6/21/2024,Friday,6,2024,3500365,62,1191812,55,34695,118,1022507,104,244215,73,211543,72,6166,38
6/22/2024,Saturday,6,2024,2385207,74,793674,57,21970,127,977336,99,133102,108,119962,76,2743,54
6/23/2024,Sunday,6,2024,1908786,73,648887,60,21789,120,953693,103,118067,120,103892,95,2061,53
6/24/2024,Monday,6,2024,3467845,62,1227231,57,33300,114,975173,99,246269,74,213904,72,6820,42
6/25/2024,Tuesday,6,2024,3831447,68,1269567,59,36669,125,1002164,102,271783,82,232410,79,7685,47
6/26/2024,Wednesday,6,2024,3901100,70,1267408,59,36344,124,1020784,104,264126,79,226518,77,7314,45
6/27/2024,Thursday,6,2024,3776811,67,1214263,56,35155,120,1032517,105,255215,77,227648,77,7170,44
6/28/2024,Friday,6,2024,3522732,63,1141168,53,34111,116,1037403,106,255739,77,211914,72,6305,39
6/29/2024,Saturday,6,2024,2454997,76,780229,56,21904,126,977287,99,138769,113,119738,75,2948,58
6/30/2024,Sunday,6,2024,2002269,76,583751,54,20851,115,885430,96,126526,128,108244,99,2268,58
7/1/2024,Monday,7,2024,3273546,62,1156904,56,32979,116,954908,99,216906,68,185943,66,6947,50
7/2/2024,Tuesday,7,2024,3542073,67,1216755,59,35200,124,951968,99,234535,74,207844,73,7431,54
7/3/2024,Wednesday,7,2024,3409357,65,1198766,58,36949,130,1003052,104,237577,75,205176,72,6758,49
7/4/2024,Thursday,7,2024,1992244,85,643119,59,17646,107,752680,85,117030,112,101274,95,2939,82
7/5/2024,Friday,7,2024,2700734,51,1001854,48,28776,102,854313,89,207314,65,183222,65,4563,33
7/6/2024,Saturday,7,2024,2100877,74,758425,56,19730,124,857713,93,119417,94,110386,71,2688,53
7/7/2024,Sunday,7,2024,1804572,77,642652,59,22640,137,909616,103,120316,115,105041,99,2167,61
7/8/2024,Monday,7,2024,3228784,61,1176713,57,33105,117,945690,98,226613,72,199454,70,6499,47
7/9/2024,Tuesday,7,2024,3605032,68,1236657,60,35500,125,927603,96,249970,79,219843,78,7176,52
7/10/2024,Wednesday,7,2024,3691835,70,1252733,60,37417,132,957143,100,249781,79,210993,75,7393,54
7/11/2024,Thursday,7,2024,3688029,70,1233678,60,35691,126,993245,103,246250,78,209174,74,6914,50
7/12/2024,Friday,7,2024,3261074,62,1120310,54,34090,120,979245,102,231084,73,191828,68,5586,41
7/13/2024,Saturday,7,2024,2203283,78,743154,55,20949,132,912958,99,123988,97,107166,69,2700,53
7/14/2024,Sunday,7,2024,1869670,80,633752,58,22682,137,947148,107,119283,114,97038,91,2160,60
7/15/2024,Monday,7,2024,3259800,62,1160722,56,32763,116,950682,99,233209,74,202008,71,6398,46
7/16/2024,Tuesday,7,2024,3594150,68,1209152,58,35468,125,943841,98,249559,79,220620,78,6828,50
7/17/2024,Wednesday,7,2024,3651756,69,1210515,58,36547,129,956017,99,248424,78,214137,76,6845,50
7/18/2024,Thursday,7,2024,3637826,69,1218605,59,36119,127,1005727,105,241785,76,211370,75,7085,51
7/19/2024,Friday,7,2024,3372874,64,1207102,58,34718,122,1018050,106,243438,77,206922,73,6480,47
7/20/2024,Saturday,7,2024,2269647,80,803868,60,19961,126,980583,106,131910,103,125050,81,2688,53
7/21/2024,Sunday,7,2024,1877704,80,659004,60,21664,131,962715,109,126169,120,111438,105,2080,58
7/22/2024,Monday,7,2024,3235343,61,1168226,56,32431,114,937858,98,231813,73,215087,76,6510,47
7/23/2024,Tuesday,7,2024,3606656,68,1211237,58,35110,124,928295,97,247915,78,229841,81,7177,52
7/24/2024,Wednesday,7,2024,3656472,69,1220410,59,36652,129,947798,99,249158,79,224862,79,7260,53
7/25/2024,Thursday,7,2024,3638351,69,1220056,59,35373,125,990676,103,255367,81,214281,76,6850,50
7/26/2024,Friday,7,2024,3288849,62,1154709,56,34431,121,1012046,105,247475,78,201321,71,5946,43
7/27/2024,Saturday,7,2024,2306948,82,809660,60,22582,142,982745,106,138344,108,125101,81,2991,59
7/28/2024,Sunday,7,2024,1851383,79,645704,59,22027,133,943306,107,121226,116,99516,94,2214,62
7/29/2024,Monday,7,2024,3202281,61,1147023,55,32067,113,928486,97,233537,74,200999,71,6240,45
7/30/2024,Tuesday,7,2024,3590241,68,1228387,59,34911,123,937334,98,251398,79,220120,78,7217,52
7/31/2024,Wednesday,7,2024,3576343,68,1213507,59,35765,126,958860,100,248316,78,213562,75,7018,51
8/1/2024,Thursday,8,2024,3544663,69,1208275,60,35878,128,1008364,104,229131,73,194439,71,6902,52
8/2/2024,Friday,8,2024,3153955,61,1111340,55,34487,123,987721,102,215453,69,181008,66,5784,43
8/3/2024,Saturday,8,2024,2200373,75,741482,54,22133,133,938339,98,123922,93,109769,72,2852,61
8/4/2024,Sunday,8,2024,1752861,74,588249,53,22186,123,885224,96,108959,105,92383,89,2099,58
8/5/2024,Monday,8,2024,3222601,63,1154644,57,33112,119,955722,98,234345,75,192078,70,6375,48
8/6/2024,Tuesday,8,2024,3462581,67,1130325,56,35331,126,898384,92,234650,75,207212,76,6974,52
8/7/2024,Wednesday,8,2024,3511253,68,1117450,55,36667,131,920296,95,239223,76,202867,74,6593,49
8/8/2024,Thursday,8,2024,3490217,68,1108956,55,35509,127,940729,97,230083,74,196259,72,6466,48
8/9/2024,Friday,8,2024,3041276,59,1039488,52,32193,115,907512,93,215973,69,170622,63,5202,39
8/10/2024,Saturday,8,2024,2356405,80,777613,57,22199,133,949079,99,133623,100,119101,79,3156,67
8/11/2024,Sunday,8,2024,1918748,81,614435,56,22996,128,925152,101,121004,116,103975,100,2552,71
8/12/2024,Monday,8,2024,3169180,62,1106072,55,33127,119,925367,95,231099,74,191415,70,6337,47
8/13/2024,Tuesday,8,2024,3491612,68,1158412,57,35503,127,907386,93,242459,78,205674,75,7002,52
8/14/2024,Wednesday,8,2024,3544668,69,1182980,59,37606,135,961969,99,242186,77,202330,74,7028,53
8/15/2024,Thursday,8,2024,3495671,68,1182864,59,36343,130,961969,99,241573,77,196106,72,6528,49
8/16/2024,Friday,8,2024,3198733,62,1123673,56,34676,124,1004704,103,235035,75,185953,68,5596,42
8/17/2024,Saturday,8,2024,2256233,77,767022,56,22797,137,954849,100,135948,102,112928,74,2880,61
8/18/2024,Sunday,8,2024,1713050,72,578595,52,20897,116,853807,93,106004,102,82177,79,1953,54
8/19/2024,Monday,8,2024,3076559,60,1090594,54,31668,113,931369,96,224656,72,183503,67,5870,44
8/20/2024,Tuesday,8,2024,3475888,68,1164259,58,34985,125,952393,98,250304,80,211051,77,6877,51
8/21/2024,Wednesday,8,2024,3498651,68,1159036,57,36401,130,958433,99,247076,79,204853,75,6910,52
8/22/2024,Thursday,8,2024,3427911,67,1140225,56,34997,125,985469,101,245912,79,199777,73,6458,48
8/23/2024,Friday,8,2024,3209666,62,1095768,54,33653,120,999865,103,235738,75,196218,72,5827,44
8/24/2024,Saturday,8,2024,2332624,79,776019,56,22523,135,975307,102,146684,110,119252,79,3025,64
8/25/2024,Sunday,8,2024,1905818,80,629302,57,22347,124,946696,103,130885,126,101267,97,2309,64
8/26/2024,Monday,8,2024,3113498,61,1104199,55,31233,112,935864,96,244138,78,186630,68,5896,44
8/27/2024,Tuesday,8,2024,3477101,68,1177841,58,34997,125,949649,98,261771,84,201834,74,6713,50
8/28/2024,Wednesday,8,2024,3516674,68,1203770,60,36079,129,972274,100,257194,82,195873,72,6656,50
8/29/2024,Thursday,8,2024,3438760,67,1203629,60,35044,125,992852,102,261935,84,192714,71,6446,48
8/30/2024,Friday,8,2024,3152242,61,1132406,56,33968,122,1004458,103,255954,82,195334,72,5287,40
8/31/2024,Saturday,8,2024,2158004,73,771634,56,21518,129,923923,96,149890,112,119313,79,2471,52
9/1/2024,Sunday,9,2024,1969350,77,658803,60,22880,133,896413,101,120499,121,95622,91,2149,73
9/2/2024,Monday,9,2024,2007446,79,629636,57,14939,87,854109,97,134118,135,95598,91,2571,88
9/3/2024,Tuesday,9,2024,3629404,63,1323572,57,35977,121,959389,101,263763,81,220831,77,7337,43
9/4/2024,Wednesday,9,2024,3868854,67,1372412,59,38623,130,935127,98,271660,83,225508,78,7588,44
9/5/2024,Thursday,9,2024,4033322,70,1434726,62,37475,126,966058,101,262639,80,220098,76,7475,44
9/6/2024,Friday,9,2024,3794952,66,1397369,60,36478,123,999365,105,258126,79,202757,70,6606,39
9/7/2024,Saturday,9,2024,2479639,77,841695,60,21477,125,912521,96,137291,116,105974,69,2874,69
9/8/2024,Sunday,9,2024,2101048,83,724969,66,23760,138,914241,103,120584,122,98767,94,2280,78
9/9/2024,Monday,9,2024,3811344,66,1458059,63,35327,119,930561,98,247296,76,214384,74,7724,45
9/10/2024,Tuesday,9,2024,4182405,72,1510358,65,38230,129,951227,100,263027,80,233290,81,8495,50
9/11/2024,Wednesday,9,2024,4214707,73,1489570,64,39031,131,921770,97,263710,81,228252,79,9107,53
9/12/2024,Thursday,9,2024,4232214,73,1515496,65,38778,131,984868,103,263539,80,228985,79,8174,48
9/13/2024,Friday,9,2024,3911412,68,1442741,62,37297,126,1016290,107,254945,78,219747,76,6989,41
9/14/2024,Saturday,9,2024,2706474,84,913017,65,24473,143,1002908,105,145099,123,136864,90,3402,82
9/15/2024,Sunday,9,2024,2161737,85,705080,64,24154,141,946517,107,128174,129,118303,113,2605,89
9/16/2024,Monday,9,2024,3821428,66,1473843,63,35319,119,934600,98,254618,78,215601,75,7734,45
9/17/2024,Tuesday,9,2024,4189311,73,1536675,66,38667,130,945571,99,268678,82,232809,81,8503,50
9/18/2024,Wednesday,9,2024,4232888,73,1539412,66,39300,132,963160,101,281624,86,229697,80,8603,50
9/19/2024,Thursday,9,2024,4255184,74,1547727,67,38515,130,997635,105,272725,83,226944,79,8367,49
9/20/2024,Friday,9,2024,3933048,68,1471585,63,36687,124,1019966,107,270065,82,215673,75,7029,41
9/21/2024,Saturday,9,2024,2744632,85,950423,68,23611,138,980137,103,160150,135,133469,87,3736,90
9/22/2024,Sunday,9,2024,2131910,84,737715,67,23164,135,936446,106,131192,132,102752,98,2560,88
9/23/2024,Monday,9,2024,3898806,68,1457916,63,34543,116,922758,97,250701,77,218237,76,7994,47
9/24/2024,Tuesday,9,2024,4323708,75,1500066,65,37488,126,927777,97,270524,83,240779,83,8938,52
9/25/2024,Wednesday,9,2024,4335945,75,1487149,64,37829,127,935215,98,267471,82,236202,82,8904,52
9/26/2024,Thursday,9,2024,4295723,74,1467648,63,37117,125,963068,101,264141,81,228971,79,8216,48
9/27/2024,Friday,9,2024,3945383,68,1438524,62,35968,121,1010505,106,258258,79,221034,77,6992,41
9/28/2024,Saturday,9,2024,2557982,79,863284,62,22142,129,922085,97,134408,114,132177,87,2928,71
9/29/2024,Sunday,9,2024,1959363,77,664367,60,22340,130,869345,98,117572,118,102805,98,2782,95
9/30/2024,Monday,9,2024,3849138,67,1486507,64,34701,117,924795,97,256547,78,217897,76,7845,46
10/1/2024,Tuesday,10,2024,4186632,73,1532778,68,38299,129,922245,99,247737,79,218836,75,8510,48
10/2/2024,Wednesday,10,2024,4073590,71,1488562,66,38330,129,941325,101,258854,82,227124,78,8307,47
10/3/2024,Thursday,10,2024,3630794,63,1305743,58,35952,121,926733,100,246586,78,217197,75,7124,40
10/4/2024,Friday,10,2024,3507603,61,1285210,57,35371,119,947077,102,251723,80,215328,74,6225,35
10/5/2024,Saturday,10,2024,2716913,82,939839,68,23775,134,966857,102,142657,126,148928,98,3990,87
10/6/2024,Sunday,10,2024,2069930,84,726969,73,23677,129,912831,108,111257,122,105906,101,2487,66
10/7/2024,Monday,10,2024,3851201,67,1463064,65,35754,120,917137,99,250063,80,220335,76,7584,42
10/8/2024,Tuesday,10,2024,4264001,74,1543660,68,39100,131,945208,102,275934,88,235974,81,8966,50
10/9/2024,Wednesday,10,2024,4320134,75,1545314,69,39877,134,957877,103,275026,88,234694,81,8650,48
10/10/2024,Thursday,10,2024,4335088,75,1525349,68,38911,131,990350,107,272428,87,233710,80,8246,46
10/11/2024,Friday,10,2024,3870913,67,1420173,63,37027,124,1021735,110,257460,82,224122,77,6857,38
10/12/2024,Saturday,10,2024,2591860,78,933363,67,23525,133,957916,101,149093,131,144234,95,3387,74
10/13/2024,Sunday,10,2024,2155862,88,738343,74,23354,127,911708,108,127619,140,120235,114,3552,94
10/14/2024,Monday,10,2024,3067003,53,1056383,47,26827,90,911104,98,240501,77,225263,77,5100,29
10/15/2024,Tuesday,10,2024,4290838,75,1476129,65,38788,130,955621,103,270652,86,249266,86,8275,46
10/16/2024,Wednesday,10,2024,4363556,76,1487569,66,39579,133,950912,102,279608,89,236091,81,8699,49
10/17/2024,Thursday,10,2024,4326836,75,1486892,66,37093,125,942095,102,277906,88,237000,81,8547,48
10/18/2024,Friday,10,2024,4034399,70,1431124,63,36732,123,993477,107,272133,87,229999,79,7174,40
10/19/2024,Saturday,10,2024,2823485,85,927916,67,24053,136,981152,104,156212,138,147214,97,3629,80
10/20/2024,Sunday,10,2024,2211314,90,729797,73,24069,131,939223,111,127452,140,122789,117,2631,70
10/21/2024,Monday,10,2024,3876312,67,1466673,65,35133,118,937487,101,247857,79,219983,76,7948,45
10/22/2024,Tuesday,10,2024,4264735,74,1529875,68,38656,130,932275,100,268294,85,237771,82,8606,48
10/23/2024,Wednesday,10,2024,4298092,75,1534969,68,39211,132,930104,100,257031,82,233881,80,8580,48
10/24/2024,Thursday,10,2024,4319281,75,1497135,66,36754,123,931734,100,260193,83,232459,80,8605,48
10/25/2024,Friday,10,2024,4066538,71,1512545,67,36635,123,983885,106,262815,84,223941,77,7539,42
10/26/2024,Saturday,10,2024,2837832,85,955488,69,24066,136,988039,104,143111,126,148103,97,3411,75
10/27/2024,Sunday,10,2024,2215973,90,737246,74,23888,130,918610,109,120849,133,115917,110,2568,68
10/28/2024,Monday,10,2024,3985381,69,1460653,65,35666,120,926409,100,253923,81,229873,79,7829,44
10/29/2024,Tuesday,10,2024,4391065,76,1528993,68,38621,130,939734,101,272526,87,249585,86,8867,50
10/30/2024,Wednesday,10,2024,4450028,77,1553250,69,40468,136,970092,105,267007,85,246035,85,8843,50
10/31/2024,Thursday,10,2024,4027166,70,1297891,58,37639,126,952775,103,257756,82,221856,76,7419,42
